timestamp,run_type,location_city,location_country,fx_value,rain_probability,trends_json,news_json,jobs_json,sports_json,insights_json,pulse_index,system_state,ai_pulse_index
2026-05-01T13:34:27.172937,hourly,Lagos,Nigeria,1374.919621,8,"{'fuel price Nigeria': 0, 'dollar rate Nigeria': 0, 'food price Nigeria': 0, 'jobs in Nigeria': 0, 'isPartial': True}","[{'source': 'punch', 'title': 'NOA DG hails workers’ resilience on May Day'}, {'source': 'punch', 'title': 'Workers’ Day: Labour remains foundation of great society, says Anambra First Lady'}, {'source': 'punch', 'title': 'Group hails FG, Uba Sani for N178bn road project'}, {'source': 'vanguard', 'title': 'China rolls out zero-tariff access for Nigeria, 52 other African countries'}, {'source': 'vanguard', 'title': 'Nigerians among ring leaders as US dismantles $215m email scam spanning 19 countries'}, {'source': 'vanguard', 'title': 'NDLEA busts Abuja drug hubs, arrests 132 suspects, seizes 220kg illicit substances'}]","[{'title': 'Product Marketing Lead', 'company': 'Paragon', 'location': 'Los Angeles or Remote'}, {'title': 'Legal Data Analyst Junior Vaga Afirmativa para PCD', 'company': 'Jusbrasil', 'location': 'Belo Horizonte ou Salvador'}, {'title': 'Manager Client Support RH Boutique Partners', 'company': 'Waterworks', 'location': 'Remote'}, {'title': 'Senior Manager Clinical Biomarker Operations', 'company': 'Apogee Therapeutics', 'location': 'Remote'}, {'title': 'Executive Briefing Specialst', 'company': 'New Relic', 'location': 'San Francisco'}]","[{'title': ""Is Saudi Arabia's sports revolution unravelling?"", 'source': 'bbc_sport'}, {'title': 'Dua Lipa declines offer to perform at Fury v Joshua', 'source': 'bbc_sport'}, {'title': 'Van Gerwen punched in face during bar attack', 'source': 'bbc_sport'}, {'title': 'Why was Mudryk given ban in secret and what happens now?', 'source': 'bbc_sport'}, {'title': ""Vonn still in 'survival mode' after Olympic crash"", 'source': 'bbc_sport'}]",💼 Job market activity detected | ⚽ High sports engagement,18,moderate_pressure,35
2026-05-01T13:41:33.328017,hourly,Lagos,Nigeria,1374.904398,8,"{'fuel price Nigeria': 0, 'dollar rate Nigeria': 0, 'food price Nigeria': 0, 'jobs in Nigeria': 0, 'isPartial': True}","[{'source': 'punch', 'title': 'NOA DG hails workers’ resilience on May Day'}, {'source': 'punch', 'title': 'Workers’ Day: Labour remains foundation of great society, says Anambra First Lady'}, {'source': 'punch', 'title': 'Group hails FG, Uba Sani for N178bn road project'}, {'source': 'vanguard', 'title': 'China rolls out zero-tariff access for Nigeria, 52 other African countries'}, {'source': 'vanguard', 'title': 'Nigerians among ring leaders as US dismantles $215m email scam spanning 19 countries'}, {'source': 'vanguard', 'title': 'NDLEA busts Abuja drug hubs, arrests 132 suspects, seizes 220kg illicit substances'}]","[{'title': 'Product Marketing Lead', 'company': 'Paragon', 'location': 'Los Angeles or Remote'}, {'title': 'Legal Data Analyst Junior Vaga Afirmativa para PCD', 'company': 'Jusbrasil', 'location': 'Belo Horizonte ou Salvador'}, {'title': 'Manager Client Support RH Boutique Partners', 'company': 'Waterworks', 'location': 'Remote'}, {'title': 'Senior Manager Clinical Biomarker Operations', 'company': 'Apogee Therapeutics', 'location': 'Remote'}, {'title': 'Executive Briefing Specialst', 'company': 'New Relic', 'location': 'San Francisco'}]","[{'title': ""Is Saudi Arabia's sports revolution unravelling?"", 'source': 'bbc_sport'}, {'title': 'Dua Lipa declines offer to perform at Fury v Joshua', 'source': 'bbc_sport'}, {'title': 'Van Gerwen punched in face during bar attack', 'source': 'bbc_sport'}, {'title': 'Why was Mudryk given ban in secret and what happens now?', 'source': 'bbc_sport'}, {'title': 'Time for Isak & Wirtz to prove they are the future for Liverpool', 'source': 'bbc_sport'}]",💼 Job market activity detected | ⚽ High sports engagement,18,moderate_pressure,35
2026-05-01T13:16:47.295176,hourly,Lagos,Nigeria,1374.898271,8,{},"[{'source': 'punch', 'title': 'May Day: NLC, TUC endorse Sokoto gov for second term'}, {'source': 'punch', 'title': 'EPL: Big boost for Chelsea as James, Colwill return'}, {'source': 'punch', 'title': 'NDC begins nationwide congresses ahead of May 9 national convention'}, {'source': 'vanguard', 'title': 'Tinubu approves over ₦1.1trn infrastructure projects for Kaduna – Gov. Uba Sani hails FG'}, {'source': 'vanguard', 'title': 'I did’t want to marry an artiste, pastor, politician – Banky W’s wife Adesua'}, {'source': 'vanguard', 'title': 'Iran delivers new proposal for US talks via Pakistan'}]","[{'title': 'Product Marketing Lead', 'company': 'Paragon', 'location': 'Los Angeles or Remote'}, {'title': 'Legal Data Analyst Junior Vaga Afirmativa para PCD', 'company': 'Jusbrasil', 'location': 'Belo Horizonte ou Salvador'}, {'title': 'Manager Client Support RH Boutique Partners', 'company': 'Waterworks', 'location': 'Remote'}, {'title': 'Senior Manager Clinical Biomarker Operations', 'company': 'Apogee Therapeutics', 'location': 'Remote'}, {'title': 'Executive Briefing Specialst', 'company': 'New Relic', 'location': 'San Francisco'}]","[{'title': 'Higgins and Murphy locked at 8-8 in semi-final', 'source': 'bbc_sport'}, {'title': ""Is Saudi Arabia's sports revolution unravelling?"", 'source': 'bbc_sport'}, {'title': 'Dua Lipa declines offer to perform at Fury v Joshua', 'source': 'bbc_sport'}, {'title': 'Van Gerwen punched in face during bar attack', 'source': 'bbc_sport'}, {'title': 'Why was Mudryk given ban in secret and what happens now?', 'source': 'bbc_sport'}]",💼 Job market activity detected | ⚽ High sports engagement,15,moderate_pressure,35
2026-05-01T14:19:29.545166,hourly,Lagos,Nigeria,1374.819772,8,"{'fuel price Nigeria': 0, 'dollar rate Nigeria': 0, 'food price Nigeria': 100, 'jobs in Nigeria': 0, 'isPartial': True}","[{'source': 'punch', 'title': 'S’Court Judgment: No leadership vacuum, PDP faction slams Wabara, others'}, {'source': 'punch', 'title': 'NBA urges structural reform in legal practice'}, {'source': 'punch', 'title': '2027: Elect leaders who prioritise living wage, NNPP urges workers'}, {'source': 'vanguard', 'title': 'Arsenal must manage emotions of title race – Arteta'}, {'source': 'vanguard', 'title': 'How to watch, live stream Portable vs Carter Efe tonight'}, {'source': 'vanguard', 'title': 'NDC fixes national convention for May 9, begins nationwide congresses'}]","[{'title': 'Product Marketing Lead', 'company': 'Paragon', 'location': 'Los Angeles or Remote'}, {'title': 'Legal Data Analyst Junior Vaga Afirmativa para PCD', 'company': 'Jusbrasil', 'location': 'Belo Horizonte ou Salvador'}, {'title': 'Manager Client Support RH Boutique Partners', 'company': 'Waterworks', 'location': 'Remote'}, {'title': 'Senior Manager Clinical Biomarker Operations', 'company': 'Apogee Therapeutics', 'location': 'Remote'}, {'title': 'Executive Briefing Specialst', 'company': 'New Relic', 'location': 'San Francisco'}]","[{'title': 'Higgins and Murphy locked at 8-8 in semi-final', 'source': 'bbc_sport'}, {'title': ""Vonn still in 'survival mode' after Olympic crash"", 'source': 'bbc_sport'}, {'title': 'Dua Lipa declines offer to perform at Fury v Joshua', 'source': 'bbc_sport'}, {'title': 'Van Gerwen punched in face during bar attack', 'source': 'bbc_sport'}, {'title': 'Why was Mudryk given ban in secret and what happens now?', 'source': 'bbc_sport'}]",💼 Job market activity detected | ⚽ High sports engagement,21,high_pressure,35
2026-05-01T15:59:10.899463,hourly,Lagos,Nigeria,1374.819812,8,"{'fuel price Nigeria': 0, 'dollar rate Nigeria': 0, 'food price Nigeria': 0, 'jobs in Nigeria': 0, 'isPartial': True}","[{'source': 'punch', 'title': 'David Mark’s lawyer hails INEC for restoring ADC leadership'}, {'source': 'punch', 'title': 'Sanwo-Olu approves N50,000 wage award for Lagos workers'}, {'source': 'punch', 'title': 'Supreme Court verdict: Natasha urges aggrieved PDP leaders to reconcile'}, {'source': 'vanguard', 'title': 'How we discovered hotel harbouring bandits – Rivers LG boss'}, {'source': 'vanguard', 'title': 'Man Utd boss Carrick relishes ‘special’ Liverpool rivalry'}, {'source': 'vanguard', 'title': 'PDP crisis: Akpoti-Uduaghan urges calm, dismisses claims about Anyanwu'}]","[{'title': 'Senior Frontend Developer', 'company': 'Sanctuary Computer', 'location': ''}, {'title': 'Product Marketing Lead', 'company': 'Paragon', 'location': 'Los Angeles or Remote'}, {'title': 'Legal Data Analyst Junior Vaga Afirmativa para PCD', 'company': 'Jusbrasil', 'location': 'Belo Horizonte ou Salvador'}, {'title': 'Manager Client Support RH Boutique Partners', 'company': 'Waterworks', 'location': 'Remote'}, {'title': 'Senior Manager Clinical Biomarker Operations', 'company': 'Apogee Therapeutics', 'location': 'Remote'}]","[{'title': ""'It's like we're all crying and relegated' - Spurs' De Zerbi delivers monologue"", 'source': 'bbc_sport'}, {'title': ""Vonn still in 'survival mode' after Olympic crash"", 'source': 'bbc_sport'}, {'title': 'Dua Lipa declines offer to perform at Fury v Joshua', 'source': 'bbc_sport'}, {'title': 'Van Gerwen punched in face during bar attack', 'source': 'bbc_sport'}, {'title': 'Infantino attempts to orchestrate Israel-Palestine handshake', 'source': 'bbc_sport'}]",💼 Job market activity detected | ⚽ High sports engagement,18,moderate_pressure,45
2026-05-01T17:08:45.689901,hourly,Lagos,Nigeria,1375.101658,24,{},"[{'source': 'punch', 'title': 'Use AI responsibly, Ekiti lawmaker advises Nigerian students'}, {'source': 'punch', 'title': 'Use AI responsibly, Ekiti lawmaker advises Nigerian students'}, {'source': 'punch', 'title': 'Ex-Kaduna councillor picks APC forms for Assembly race'}, {'source': 'vanguard', 'title': 'Xenophobia: “How many jobs have you created after attacks?” — Malema to South Africans'}, {'source': 'vanguard', 'title': 'Trump says ‘not satisfied’ with new Iran proposal'}, {'source': 'vanguard', 'title': 'Trump says will raise US tariffs on EU cars, trucks to 25%'}]","[{'title': 'Strategic Business Development Consultant', 'company': 'Vonage', 'location': 'Spain'}, {'title': 'Founding Engineer', 'company': 'Haast', 'location': 'New York '}, {'title': 'Staff Data Engineer', 'company': 'Imagine Pediatrics', 'location': 'United States'}, {'title': 'Business Development Representative', 'company': 'Garner Health', 'location': ''}, {'title': 'Sales Development Representative North America June Hiring Class', 'company': 'Hostaway', 'location': ''}]","[{'title': ""'It's like we're all crying and relegated' - Spurs' De Zerbi delivers monologue"", 'source': 'bbc_sport'}, {'title': 'What does future hold for Havertz after season blighted by injury?', 'source': 'bbc_sport'}, {'title': ""Vonn still in 'survival mode' after Olympic crash"", 'source': 'bbc_sport'}, {'title': 'Van Gerwen punched in face during bar attack', 'source': 'bbc_sport'}, {'title': 'Dua Lipa declines offer to perform at Fury v Joshua', 'source': 'bbc_sport'}]",💼 Job market activity detected | ⚽ High sports engagement,15,moderate_pressure,50
2026-05-01T19:15:49.232761,hourly,Lagos,Nigeria,1375.960377,24,"{'fuel price Nigeria': 0, 'dollar rate Nigeria': 0, 'food price Nigeria': 0, 'jobs in Nigeria': 0, 'isPartial': True}","[{'source': 'punch', 'title': 'Academics urged to join politics'}, {'source': 'punch', 'title': 'Anambra youths protest killing of 26-year-old, demand probe'}, {'source': 'punch', 'title': 'FG approves national aircraft leasing company'}, {'source': 'vanguard', 'title': 'Senator Aishatu Binani dumps ADC for NDC'}, {'source': 'vanguard', 'title': 'I gave my dad car E-Money gave me, he rejected it — Peller'}, {'source': 'vanguard', 'title': 'Zenith Bank posts N360.9bn Q1 2026 profit as revenue hits N1trn'}]","[{'title': 'Strategic Business Development Consultant', 'company': 'Vonage', 'location': 'Spain'}, {'title': 'Founding Engineer', 'company': 'Haast', 'location': 'New York '}, {'title': 'Staff Data Engineer', 'company': 'Imagine Pediatrics', 'location': 'United States'}, {'title': 'Business Development Representative', 'company': 'Garner Health', 'location': ''}, {'title': 'Sales Development Representative North America June Hiring Class', 'company': 'Hostaway', 'location': ''}]","[{'title': ""'Embarrassment to snooker' - Wu and Allen play longest Crucible frame"", 'source': 'bbc_sport'}, {'title': ""Ferrari's Leclerc fastest in Miami practice"", 'source': 'bbc_sport'}, {'title': ""'It's like we're all crying and relegated' - Spurs' De Zerbi delivers monologue"", 'source': 'bbc_sport'}, {'title': 'Raducanu links up with coach from US Open win', 'source': 'bbc_sport'}, {'title': 'What does future hold for Havertz after season blighted by injury?', 'source': 'bbc_sport'}]",💼 Job market activity detected | ⚽ High sports engagement,18,moderate_pressure,35
2026-05-01T20:55:38.712996,hourly,Lagos,Nigeria,1375.980377,24,"{'fuel price Nigeria': 0, 'dollar rate Nigeria': 0, 'food price Nigeria': 0, 'jobs in Nigeria': 0, 'isPartial': True}","[{'source': 'punch', 'title': '‘Humanity paying the price’ for Middle East crisis — UN chief'}, {'source': 'punch', 'title': 'INEC updates portal, recognises Baba-Ahmed as PRP chairman'}, {'source': 'punch', 'title': 'Nigeria assumes office as AU peace, security council chair'}, {'source': 'vanguard', 'title': 'May Day: C’River to pay next gratuity batch in weeks – Gov Otu'}, {'source': 'vanguard', 'title': 'Trump announces new sanctions against Cuban government'}, {'source': 'vanguard', 'title': 'Nigeria risks instability without credible opposition in 2027 — Peterside'}]","[{'title': 'Strategic Business Development Consultant', 'company': 'Vonage', 'location': 'Spain'}, {'title': 'Founding Engineer', 'company': 'Haast', 'location': 'New York '}, {'title': 'Staff Data Engineer', 'company': 'Imagine Pediatrics', 'location': 'United States'}, {'title': 'Business Development Representative', 'company': 'Garner Health', 'location': ''}, {'title': 'Sales Development Representative North America June Hiring Class', 'company': 'Hostaway', 'location': ''}]","[{'title': ""'Embarrassment to snooker' - Wu and Allen play longest Crucible frame"", 'source': 'bbc_sport'}, {'title': ""'It's like we're all crying and relegated' - Spurs' De Zerbi delivers monologue"", 'source': 'bbc_sport'}, {'title': 'Raducanu links up with coach from US Open win', 'source': 'bbc_sport'}, {'title': 'What does future hold for Havertz after season blighted by injury?', 'source': 'bbc_sport'}, {'title': 'Van Gerwen punched in face during bar attack', 'source': 'bbc_sport'}]",🚨 Security concerns detected | 💼 Job market activity detected | ⚽ High sports engagement,28,crisis_signal,50
2026-05-01T21:55:48.311331,hourly,Lagos,Nigeria,1375.980377,24,"{'fuel price Nigeria': 0, 'dollar rate Nigeria': 0, 'food price Nigeria': 0, 'jobs in Nigeria': 0, 'isPartial': True}","[{'source': 'punch', 'title': 'Sanwo-Olu hails Tinubu over Lagos green line approval'}, {'source': 'punch', 'title': 'Kwara reiterates commitment to improved healthcare'}, {'source': 'punch', 'title': 'Female aspirant joins 2027 Gombe governorship race'}, {'source': 'vanguard', 'title': 'Leeds beat Burnley to virtually secure Premier League survival'}, {'source': 'vanguard', 'title': 'FG clarifies BEA scholarship status, rules out reinstatement'}, {'source': 'vanguard', 'title': '2027: Adebutu declares Ogun governorship ambition under PDP'}]","[{'title': 'Strategic Business Development Consultant', 'company': 'Vonage', 'location': 'Spain'}, {'title': 'Founding Engineer', 'company': 'Haast', 'location': 'New York '}, {'title': 'Staff Data Engineer', 'company': 'Imagine Pediatrics', 'location': 'United States'}, {'title': 'Business Development Representative', 'company': 'Garner Health', 'location': ''}, {'title': 'Sales Development Representative North America June Hiring Class', 'company': 'Hostaway', 'location': ''}]","[{'title': 'Higgins builds slender semi-final lead over Murphy', 'source': 'bbc_sport'}, {'title': 'Norris on Miami sprint pole as McLaren return to form', 'source': 'bbc_sport'}, {'title': ""'Embarrassment to snooker' - Wu and Allen play longest Crucible frame"", 'source': 'bbc_sport'}, {'title': ""'It's like we're all crying and relegated' - Spurs' De Zerbi delivers monologue"", 'source': 'bbc_sport'}, {'title': 'Raducanu links up with coach from US Open win', 'source': 'bbc_sport'}]",💼 Job market activity detected | ⚽ High sports engagement,18,moderate_pressure,35
2026-05-01T22:53:35.158763,hourly,Lagos,Nigeria,1375.980377,24,"{'fuel price Nigeria': 0, 'dollar rate Nigeria': 0, 'food price Nigeria': 0, 'jobs in Nigeria': 0, 'isPartial': True}","[{'source': 'punch', 'title': 'AAC, Take It Back Movement rally Anambra residents for voter registration'}, {'source': 'punch', 'title': 'Sanwo-Olu hails Tinubu over Lagos green line approval'}, {'source': 'punch', 'title': 'Kwara reiterates commitment to improved healthcare'}, {'source': 'vanguard', 'title': 'Pope names former undocumented migrant as US bishop of West Virginia'}, {'source': 'vanguard', 'title': 'Troops rescue six abducted Ngoshe women from Boko Haram/ISWAP terrorists'}, {'source': 'vanguard', 'title': 'Trump tells US Congress hostilities in Iran ‘have terminated’'}]","[{'title': 'Strategic Business Development Consultant', 'company': 'Vonage', 'location': 'Spain'}, {'title': 'Founding Engineer', 'company': 'Haast', 'location': 'New York '}, {'title': 'Staff Data Engineer', 'company': 'Imagine Pediatrics', 'location': 'United States'}, {'title': 'Business Development Representative', 'company': 'Garner Health', 'location': ''}, {'title': 'Sales Development Representative North America June Hiring Class', 'company': 'Hostaway', 'location': ''}]","[{'title': ""'Embarrassment to snooker' - Wu and Allen play longest Crucible frame"", 'source': 'bbc_sport'}, {'title': 'Norris on Miami sprint pole as McLaren return to form', 'source': 'bbc_sport'}, {'title': 'Higgins builds slender semi-final lead over Murphy', 'source': 'bbc_sport'}, {'title': ""'It's like we're all crying and relegated' - Spurs' De Zerbi delivers monologue"", 'source': 'bbc_sport'}, {'title': 'Raducanu links up with coach from US Open win', 'source': 'bbc_sport'}]",💼 Job market activity detected | ⚽ High sports engagement,18,moderate_pressure,35
2026-05-01T23:54:17.243297,hourly,Lagos,Nigeria,1375.980377,71,{},"[{'source': 'punch', 'title': 'Nigeria’s debt to World Bank surged by $2.08bn in 2025 – Report'}, {'source': 'punch', 'title': 'Court orders stay of action on disputed vessel'}, {'source': 'punch', 'title': 'Banks shun agric lending despite credit guarantee scheme'}, {'source': 'vanguard', 'title': 'PETAN reaffirms commitment to indigenous capacity as Nigeria takes centre stage at OTC 2026'}, {'source': 'vanguard', 'title': 'ODEGBAMI: 1984 – Best and worst year of my football career'}, {'source': 'vanguard', 'title': 'D’Tigresses WNBA Tour is long-term investment – Ugo Udezue'}]","[{'title': 'Strategic Business Development Consultant', 'company': 'Vonage', 'location': 'Spain'}, {'title': 'Founding Engineer', 'company': 'Haast', 'location': 'New York '}, {'title': 'Staff Data Engineer', 'company': 'Imagine Pediatrics', 'location': 'United States'}, {'title': 'Business Development Representative', 'company': 'Garner Health', 'location': ''}, {'title': 'Sales Development Representative North America June Hiring Class', 'company': 'Hostaway', 'location': ''}]","[{'title': ""All but safe? Leeds ease 'anxiety' - and increase pressure on others"", 'source': 'bbc_sport'}, {'title': ""'Embarrassment to snooker' - Wu and Allen play longest Crucible frame"", 'source': 'bbc_sport'}, {'title': 'Norris on Miami sprint pole as McLaren return to form', 'source': 'bbc_sport'}, {'title': 'Higgins builds slender semi-final lead over Murphy', 'source': 'bbc_sport'}, {'title': ""'It's like we're all crying and relegated' - Spurs' De Zerbi delivers monologue"", 'source': 'bbc_sport'}]",🌧️ Heavy rainfall risk | 💼 Job market activity detected | ⚽ High sports engagement,30,crisis_signal,45
2026-05-02T02:52:26.804490,hourly,Lagos,Nigeria,1375.980377,71,"{'fuel price Nigeria': 0, 'dollar rate Nigeria': 0, 'food price Nigeria': 0, 'jobs in Nigeria': 0, 'isPartial': True}","[{'source': 'punch', 'title': 'No school shutdown under Adeleke – Govt'}, {'source': 'punch', 'title': 'Okon-George eyes second World Relays medal'}, {'source': 'punch', 'title': 'Petit backs Osimhen to end Chelsea’s No. 9 curse'}, {'source': 'vanguard', 'title': 'Peter Obi not a candidate, going nowhere in 2027 — ex-Obidient Kitiya'}, {'source': 'vanguard', 'title': 'FirstBank confirms Olayinka Ijabiyi as Group Head, Marketing and Corporate Communications'}, {'source': 'vanguard', 'title': 'Troops rescue six abducted women, children in Borno'}]","[{'title': 'US Payroll Administrator', 'company': 'Lush Handmade Cosmetics', 'location': 'United States'}, {'title': 'Vice President of Global Customer Success &amp; Support', 'company': 'JumpCloud', 'location': ''}, {'title': 'Data Success Manager', 'company': 'Murmuration', 'location': ''}, {'title': 'Strategic Success Manager', 'company': 'BenchPrep', 'location': 'Remote'}, {'title': 'Senior Sales Enablement Manager', 'company': 'SugarAI', 'location': 'US - Remote'}]","[{'title': ""All but safe? Leeds ease 'anxiety' - and increase pressure on others"", 'source': 'bbc_sport'}, {'title': ""'Embarrassment to snooker' - Wu and Allen play longest Crucible frame"", 'source': 'bbc_sport'}, {'title': 'Norris on Miami sprint pole as McLaren return to form', 'source': 'bbc_sport'}, {'title': 'Higgins builds slender semi-final lead over Murphy', 'source': 'bbc_sport'}, {'title': ""'It's like we're all crying and relegated' - Spurs' De Zerbi delivers monologue"", 'source': 'bbc_sport'}]",🌧️ Heavy rainfall risk | 💼 Job market activity detected | ⚽ High sports engagement,33,crisis_signal,45
2026-05-02T05:39:22.200536,hourly,Lagos,Nigeria,1375.980377,69,"{'fuel price Nigeria': 0, 'dollar rate Nigeria': 0, 'food price Nigeria': 0, 'jobs in Nigeria': 0, 'isPartial': True}","[{'source': 'punch', 'title': 'Air Peace clarifies Gatwick–Lagos flight disruption, denies abandoning passengers'}, {'source': 'punch', 'title': 'Workers’ Day: Lagos workers decry fuel costs, hardship'}, {'source': 'punch', 'title': 'US to withdraw 5,000 soldiers from Germany'}, {'source': 'vanguard', 'title': 'Peter Obi not a candidate, going nowhere in 2027 — ex-Obidient Kitiya'}, {'source': 'vanguard', 'title': 'FirstBank confirms Olayinka Ijabiyi as Group Head, Marketing and Corporate Communications'}, {'source': 'vanguard', 'title': 'Troops rescue six abducted women, children in Borno'}]","[{'title': 'US Payroll Administrator', 'company': 'Lush Handmade Cosmetics', 'location': 'United States'}, {'title': 'Vice President of Global Customer Success &amp; Support', 'company': 'JumpCloud', 'location': ''}, {'title': 'Data Success Manager', 'company': 'Murmuration', 'location': ''}, {'title': 'Strategic Success Manager', 'company': 'BenchPrep', 'location': 'Remote'}, {'title': 'Senior Sales Enablement Manager', 'company': 'SugarAI', 'location': 'US - Remote'}]","[{'title': ""All but safe? Leeds ease 'anxiety' - and increase pressure on others"", 'source': 'bbc_sport'}, {'title': ""'Shy' Anderson on England nerves and becoming a leader"", 'source': 'bbc_sport'}, {'title': ""'Embarrassment to snooker' - Wu and Allen play longest Crucible frame"", 'source': 'bbc_sport'}, {'title': 'Norris on Miami sprint pole as McLaren return to form', 'source': 'bbc_sport'}, {'title': 'Higgins builds slender semi-final lead over Murphy', 'source': 'bbc_sport'}]",🌧️ Heavy rainfall risk | ⛽ Fuel-related pressure detected | 💼 Job market activity detected | ⚽ High sports engagement,43,crisis_signal,50
2026-05-02T07:48:03.105294,hourly,Lagos,Nigeria,1375.980377,69,"{'fuel price Nigeria': 0, 'dollar rate Nigeria': 0, 'food price Nigeria': 0, 'jobs in Nigeria': 0, 'isPartial': True}","[{'source': 'punch', 'title': 'Senior Bolivian magistrate dies after gun attack in taxi'}, {'source': 'punch', 'title': 'APC chieftain predicts landslide victory for Tinubu in Kano'}, {'source': 'punch', 'title': 'E-Money gifts Carter Efe N50m for beating Portable in celebrity boxing'}, {'source': 'vanguard', 'title': 'Hezbollah’s fibre-optic drones pose new challenge for Israel'}, {'source': 'vanguard', 'title': 'Delta Daylight Murder: What have I done to police, killing my two sons — Grieving mother'}, {'source': 'vanguard', 'title': '‘Trump is an idiot’ – Californians fume over rising petrol prices'}]","[{'title': 'US Payroll Administrator', 'company': 'Lush Handmade Cosmetics', 'location': 'United States'}, {'title': 'Vice President of Global Customer Success &amp; Support', 'company': 'JumpCloud', 'location': ''}, {'title': 'Data Success Manager', 'company': 'Murmuration', 'location': ''}, {'title': 'Strategic Success Manager', 'company': 'BenchPrep', 'location': 'Remote'}, {'title': 'Senior Sales Enablement Manager', 'company': 'SugarAI', 'location': 'US - Remote'}]","[{'title': ""All but safe? Leeds ease 'anxiety' - and increase pressure on others"", 'source': 'bbc_sport'}, {'title': ""'Shy' Anderson on England nerves and becoming a leader"", 'source': 'bbc_sport'}, {'title': ""England's Wood hoping to bowl again this summer"", 'source': 'bbc_sport'}, {'title': 'The striker quietly making a big noise at Arsenal', 'source': 'bbc_sport'}, {'title': ""'Embarrassment to snooker' - Wu and Allen play longest Crucible frame"", 'source': 'bbc_sport'}]",🌧️ Heavy rainfall risk | 💼 Job market activity detected | ⚽ High sports engagement,33,crisis_signal,55
2026-05-02T09:09:17.525798,hourly,Lagos,Nigeria,1375.980377,69,{},"[{'source': 'punch', 'title': 'Military junta killed journalist Bagauda Kaltho – Kaduna gov'}, {'source': 'punch', 'title': 'Slain Delta musician’s mother wants officers killed same way her son died'}, {'source': 'punch', 'title': 'NAF airstrikes destroy terrorist base in North-East'}, {'source': 'vanguard', 'title': 'Cartoon: Birds of a feather…'}, {'source': 'vanguard', 'title': 'FG warns Nigerians against fake diplomatic recruitment scams.'}, {'source': 'vanguard', 'title': 'S’Court judgment: Abia PDP backs BoT’s take over of party'}]","[{'title': 'Senior Data Engineer', 'company': 'Business Wire', 'location': ''}, {'title': 'Digital Full Stack Engineer HR172', 'company': 'Smart Working Solutions', 'location': ''}, {'title': 'Full stack Staff Engineer', 'company': 'Join ', 'location': ''}, {'title': 'US Payroll Administrator', 'company': 'Lush Handmade Cosmetics', 'location': 'United States'}, {'title': 'Vice President of Global Customer Success &amp; Support', 'company': 'JumpCloud', 'location': ''}]","[{'title': ""All but safe? Leeds ease 'anxiety' - and increase pressure on others"", 'source': 'bbc_sport'}, {'title': ""'Shy' Anderson on England nerves and becoming a leader"", 'source': 'bbc_sport'}, {'title': ""England's Wood hoping to bowl again this summer"", 'source': 'bbc_sport'}, {'title': ""DeChambeau denies 'completely untrue' PGA talks"", 'source': 'bbc_sport'}, {'title': 'The striker quietly making a big noise at Arsenal', 'source': 'bbc_sport'}]",🌧️ Heavy rainfall risk | 💼 Job market activity detected | ⚽ High sports engagement,30,crisis_signal,40
2026-05-02T10:54:33.788943,hourly,Lagos,Nigeria,1375.980377,69,"{'fuel price Nigeria': 0, 'dollar rate Nigeria': 0, 'food price Nigeria': 0, 'jobs in Nigeria': 0, 'isPartial': True}","[{'source': 'punch', 'title': 'Saraki urges unity, says S’Court verdict ended PDP leadership crisis'}, {'source': 'punch', 'title': 'City Boy Movement mobilises for Tinubu’s victory in Oyo'}, {'source': 'punch', 'title': 'Alaafin warns against illegal installation of market leader in Oyo'}, {'source': 'vanguard', 'title': 'Turkey releases arrested May 1 protesters'}, {'source': 'vanguard', 'title': 'May Day Tragedy: Several Kwara health workers die in auto crash, others injured'}, {'source': 'vanguard', 'title': 'Terrorists kill three Mobile Police Officers in Kwara community'}]","[{'title': 'Entry Level Crypto Market Specialist', 'company': 'Infiniti Group', 'location': ''}, {'title': 'Senior Data Engineer', 'company': 'Business Wire', 'location': ''}, {'title': 'Digital Full Stack Engineer HR172', 'company': 'Smart Working Solutions', 'location': ''}, {'title': 'Full stack Staff Engineer', 'company': 'Join ', 'location': ''}, {'title': 'US Payroll Administrator', 'company': 'Lush Handmade Cosmetics', 'location': 'United States'}]","[{'title': 'Ex-F1 driver and Paralympic cycling champion Zanardi dies', 'source': 'bbc_sport'}, {'title': ""'Shy' Anderson on England nerves and becoming a leader"", 'source': 'bbc_sport'}, {'title': ""DeChambeau denies 'completely untrue' PGA talks"", 'source': 'bbc_sport'}, {'title': ""England's Wood hoping to bowl again this summer"", 'source': 'bbc_sport'}, {'title': ""All but safe? Leeds ease 'anxiety' - and increase pressure on others"", 'source': 'bbc_sport'}]",🌧️ Heavy rainfall risk | 💼 Job market activity detected | ⚽ High sports engagement,33,crisis_signal,50
2026-05-02T11:48:02.026758,hourly,Lagos,Nigeria,1375.980377,69,"{'fuel price Nigeria': 0, 'dollar rate Nigeria': 0, 'food price Nigeria': 0, 'jobs in Nigeria': 0, 'isPartial': True}","[{'source': 'punch', 'title': 'Attacks on journalists must end, UN warns'}, {'source': 'punch', 'title': 'Ex-LG chair joins Edo assembly race'}, {'source': 'punch', 'title': 'Nigeria ranked 24th in 2026 IBA boxing world standings'}, {'source': 'vanguard', 'title': 'Real Madrid’s Carvajal suffers toe fracture'}, {'source': 'vanguard', 'title': 'Pastor Adeboye defends first lady’s pastoral role amid criticism'}, {'source': 'vanguard', 'title': 'Benue head of service dies'}]","[{'title': 'Entry Level Crypto Market Specialist', 'company': 'Infiniti Group', 'location': ''}, {'title': 'Senior Data Engineer', 'company': 'Business Wire', 'location': ''}, {'title': 'Digital Full Stack Engineer HR172', 'company': 'Smart Working Solutions', 'location': ''}, {'title': 'Full stack Staff Engineer', 'company': 'Join ', 'location': ''}, {'title': 'US Payroll Administrator', 'company': 'Lush Handmade Cosmetics', 'location': 'United States'}]","[{'title': 'Ex-F1 driver and Paralympic cycling champion Zanardi dies', 'source': 'bbc_sport'}, {'title': 'US consortium takes over Sheffield Wednesday', 'source': 'bbc_sport'}, {'title': 'Usyk helping Joshua plot path to beat Fury', 'source': 'bbc_sport'}, {'title': ""PSG and Bayern in 'different world' to Premier League teams - Arteta"", 'source': 'bbc_sport'}, {'title': ""'Shy' Anderson on England nerves and becoming a leader"", 'source': 'bbc_sport'}]",🌧️ Heavy rainfall risk | 💼 Job market activity detected | ⚽ High sports engagement,33,crisis_signal,55
2026-05-02T13:16:50.720120,hourly,Lagos,Nigeria,1375.980377,69,"{'fuel price Nigeria': 0, 'dollar rate Nigeria': 0, 'food price Nigeria': 0, 'jobs in Nigeria': 0, 'isPartial': True}","[{'source': 'punch', 'title': 'Army rescues six abducted victims in Borno'}, {'source': 'punch', 'title': 'A’Ibom aspirant faults poor policy implementation'}, {'source': 'punch', 'title': 'Ondo APC aspirants kick against consensus arrangement'}, {'source': 'vanguard', 'title': 'Coe says will be ‘tough’ on athletes seeking nationality switch'}, {'source': 'vanguard', 'title': '2027: Lagos NLC, TUC back Hamzat’s gov’ship bid'}, {'source': 'vanguard', 'title': 'Nigeria’s next President already decided – Pastor Adeboye'}]","[{'title': 'Entry Level Crypto Market Specialist', 'company': 'Infiniti Group', 'location': ''}, {'title': 'Senior Data Engineer', 'company': 'Business Wire', 'location': ''}, {'title': 'Digital Full Stack Engineer HR172', 'company': 'Smart Working Solutions', 'location': ''}, {'title': 'Full stack Staff Engineer', 'company': 'Join ', 'location': ''}, {'title': 'US Payroll Administrator', 'company': 'Lush Handmade Cosmetics', 'location': 'United States'}]","[{'title': 'The remarkable life of Zanardi, a 21st century hero who inspired millions', 'source': 'bbc_sport'}, {'title': 'Football awash with Guardiola exit talk as Man City plan for life without him', 'source': 'bbc_sport'}, {'title': 'US consortium takes over Sheffield Wednesday', 'source': 'bbc_sport'}, {'title': 'Usyk helping Joshua plot path to beat Fury', 'source': 'bbc_sport'}, {'title': 'Allen holds on as Wu dazzles - semi-final on a knife edge', 'source': 'bbc_sport'}]",🌧️ Heavy rainfall risk | 💼 Job market activity detected | ⚽ High sports engagement,33,crisis_signal,40
2026-05-02T14:51:06.322159,hourly,Lagos,Nigeria,1375.980377,69,"{'fuel price Nigeria': 0, 'dollar rate Nigeria': 0, 'food price Nigeria': 0, 'jobs in Nigeria': 0, 'isPartial': True}","[{'source': 'punch', 'title': '‘I was trembling, sweating,’ Adeboye recounts night he thought he missed rapture'}, {'source': 'punch', 'title': 'World Relays: Nigeria stumble in women’s 4x100m race'}, {'source': 'punch', 'title': 'Renewed war with US still possible, says Iran'}, {'source': 'vanguard', 'title': 'Ndume hails troops for rescuing Ngoshe captives from B/Haram'}, {'source': 'vanguard', 'title': 'Coe says will be ‘tough’ on athletes seeking nationality switch'}, {'source': 'vanguard', 'title': '2027: Lagos NLC, TUC back Hamzat’s gov’ship bid'}]","[{'title': 'Entry Level Crypto Market Specialist', 'company': 'Infiniti Group', 'location': ''}, {'title': 'Senior Data Engineer', 'company': 'Business Wire', 'location': ''}, {'title': 'Digital Full Stack Engineer HR172', 'company': 'Smart Working Solutions', 'location': ''}, {'title': 'Full stack Staff Engineer', 'company': 'Join ', 'location': ''}, {'title': 'US Payroll Administrator', 'company': 'Lush Handmade Cosmetics', 'location': 'United States'}]","[{'title': 'The remarkable life of Zanardi, a 21st century hero who inspired millions', 'source': 'bbc_sport'}, {'title': 'Football awash with Guardiola exit talk as Man City plan for life without him', 'source': 'bbc_sport'}, {'title': ""Rangers accept derby tickets but 'disappointed' by SPFL stance"", 'source': 'bbc_sport'}, {'title': 'Celtic reach final with extra-time win over Glasgow City', 'source': 'bbc_sport'}, {'title': 'Leeds beat Burnley to move closer to safety', 'source': 'bbc_sport'}]",🌧️ Heavy rainfall risk | 💼 Job market activity detected | ⚽ High sports engagement,33,crisis_signal,40
2026-05-02T15:49:58.592279,hourly,Lagos,Nigeria,1375.980377,69,{},"[{'source': 'punch', 'title': 'Policeman shoots motorcylist dead in Oyo'}, {'source': 'punch', 'title': 'Fire razes Sokoto NLC secretariat'}, {'source': 'punch', 'title': '‘Go to polls with bottles of kerosene, defend your votes,’ Galadima tells voters'}, {'source': 'vanguard', 'title': 'CAF confirm dates for 2027 AFCON'}, {'source': 'vanguard', 'title': 'Ndume hails troops for rescuing Ngoshe captives from B/Haram'}, {'source': 'vanguard', 'title': 'Coe says will be ‘tough’ on athletes seeking nationality switch'}]","[{'title': 'Entry Level Crypto Market Specialist', 'company': 'Infiniti Group', 'location': ''}, {'title': 'Senior Data Engineer', 'company': 'Business Wire', 'location': ''}, {'title': 'Digital Full Stack Engineer HR172', 'company': 'Smart Working Solutions', 'location': ''}, {'title': 'Full stack Staff Engineer', 'company': 'Join ', 'location': ''}, {'title': 'US Payroll Administrator', 'company': 'Lush Handmade Cosmetics', 'location': 'United States'}]","[{'title': 'The remarkable life of Zanardi, a 21st century hero who inspired millions', 'source': 'bbc_sport'}, {'title': 'Classy Inoue beats Nakatani to remain undisputed', 'source': 'bbc_sport'}, {'title': 'Football awash with Guardiola exit talk as Man City plan for life without him', 'source': 'bbc_sport'}, {'title': 'Loughnane, 20, wins 2,000 Guineas on Bow Echo', 'source': 'bbc_sport'}, {'title': 'Usyk helping Joshua plot path to beat Fury', 'source': 'bbc_sport'}]",🌧️ Heavy rainfall risk | 💼 Job market activity detected | ⚽ High sports engagement,30,crisis_signal,40
2026-05-02T16:52:21.031038,hourly,Lagos,Nigeria,1375.980377,69,"{'fuel price Nigeria': 0, 'dollar rate Nigeria': 0, 'food price Nigeria': 0, 'jobs in Nigeria': 0, 'isPartial': True}","[{'source': 'punch', 'title': 'FG summons South African envoy over xenophobic protests, attacks'}, {'source': 'punch', 'title': 'Adeleke faults Oyebamiji’s seven-point agenda'}, {'source': 'punch', 'title': 'Three Cross River varsity students, one staff member die in road crash'}, {'source': 'vanguard', 'title': 'Justice Crack: Why we arrested social media influencer – Army'}, {'source': 'vanguard', 'title': 'Justice Crack not in our custody — Army'}, {'source': 'vanguard', 'title': 'FG summons South African envoy over alleged Attacks on Nigerians'}]","[{'title': 'Entry Level Crypto Market Specialist', 'company': 'Infiniti Group', 'location': ''}, {'title': 'Senior Data Engineer', 'company': 'Business Wire', 'location': ''}, {'title': 'Digital Full Stack Engineer HR172', 'company': 'Smart Working Solutions', 'location': ''}, {'title': 'Full stack Staff Engineer', 'company': 'Join ', 'location': ''}, {'title': 'US Payroll Administrator', 'company': 'Lush Handmade Cosmetics', 'location': 'United States'}]","[{'title': 'Loughnane, 20, wins 2,000 Guineas on Bow Echo', 'source': 'bbc_sport'}, {'title': 'Wigan end losing streak by beating Bradford', 'source': 'bbc_sport'}, {'title': 'Leinster survive Toulon scare to reach Champions Cup final', 'source': 'bbc_sport'}, {'title': 'The remarkable life of Zanardi, a 21st century hero who inspired millions', 'source': 'bbc_sport'}, {'title': 'Classy Inoue beats Nakatani to remain undisputed', 'source': 'bbc_sport'}]",🌧️ Heavy rainfall risk | 💼 Job market activity detected | ⚽ High sports engagement,33,crisis_signal,55
2026-05-02T17:46:07.172017,hourly,Lagos,Nigeria,1375.980377,83,"{'fuel price Nigeria': 0, 'dollar rate Nigeria': 0, 'food price Nigeria': 0, 'jobs in Nigeria': 0, 'isPartial': True}","[{'source': 'punch', 'title': 'Egungun festival: Makinde pledges sustained investment in culture, tourism'}, {'source': 'punch', 'title': 'Why we arrested influencer Justice Crack — Army'}, {'source': 'punch', 'title': 'Edo senatorial aspirant urges APC leaders to back best candidate'}, {'source': 'vanguard', 'title': '2027: ADC to field candidates, rejects exit claims'}, {'source': 'vanguard', 'title': 'Don’t be swayed by speculative reports — Obidient Movement'}, {'source': 'vanguard', 'title': '2027: Alia moves to reconcile APC stakeholders in Benue, invites Akume, others'}]","[{'title': 'Lead Analytics Engineer Borrowing', 'company': 'Monzo', 'location': 'Cardiff, London'}, {'title': 'Maps Visual Design Relevance Rater English', 'company': 'Welo Global', 'location': 'United States'}, {'title': 'Solutions Analyst', 'company': 'Sayari', 'location': ''}, {'title': 'Lead Analytics Engineer Borrowing', 'company': 'Monzo', 'location': 'Cardiff, London'}, {'title': 'Account Executive Branded Merchandise Promotional Products', 'company': 'Reachdesk Ltd', 'location': 'Atlanta'}]","[{'title': 'Murphy powers past Higgins to reach Crucible final', 'source': 'bbc_sport'}, {'title': 'Norris takes dominant win in Miami sprint race', 'source': 'bbc_sport'}, {'title': 'Are Ipswich better equipped for Premier League this time?', 'source': 'bbc_sport'}, {'title': ""VAR, fine margins & 'superior' Lyon cost Arsenal Champions League final spot"", 'source': 'bbc_sport'}, {'title': 'Loughnane, 20, wins 2,000 Guineas on Bow Echo', 'source': 'bbc_sport'}]",🌧️ Heavy rainfall risk | 💼 Job market activity detected | ⚽ High sports engagement,33,crisis_signal,45
2026-05-02T19:03:15.402512,hourly,Lagos,Nigeria,1375.980377,83,"{'fuel price Nigeria': 0, 'dollar rate Nigeria': 0, 'food price Nigeria': 0, 'jobs in Nigeria': 0, 'isPartial': True}","[{'source': 'punch', 'title': 'Napoli, Como play out goalless draw in Serie A'}, {'source': 'punch', 'title': 'Police arrest 35-year-old man for defiling 12-year-old girl in Oyo'}, {'source': 'punch', 'title': 'Over 4,000 affected as EgyptAir cancels Mali hajj flights over security fears'}, {'source': 'vanguard', 'title': 'Kwankwaso, Obi may dump ADC for NDC'}, {'source': 'vanguard', 'title': '2027: Wike’s ally Senator Onor picks PDP presidential forms'}, {'source': 'vanguard', 'title': 'How to Trade Gold as Supply Chain Disruptions Push Commodity Prices Closer to Fresh Records'}]","[{'title': 'Lead Analytics Engineer Borrowing', 'company': 'Monzo', 'location': 'Cardiff, London'}, {'title': 'Maps Visual Design Relevance Rater English', 'company': 'Welo Global', 'location': 'United States'}, {'title': 'Solutions Analyst', 'company': 'Sayari', 'location': ''}, {'title': 'Lead Analytics Engineer Borrowing', 'company': 'Monzo', 'location': 'Cardiff, London'}, {'title': 'Account Executive Branded Merchandise Promotional Products', 'company': 'Reachdesk Ltd', 'location': 'Atlanta'}]","[{'title': 'Norris takes dominant win in Miami sprint race', 'source': 'bbc_sport'}, {'title': 'Are Ipswich better equipped for Premier League this time?', 'source': 'bbc_sport'}, {'title': 'Brentford flying - but will sixth be good enough for Champions League?', 'source': 'bbc_sport'}, {'title': ""VAR, fine margins & 'superior' Lyon cost Arsenal Champions League final spot"", 'source': 'bbc_sport'}, {'title': 'West Ham survival hopes take a blow after defeat to Brentford', 'source': 'bbc_sport'}]",🌧️ Heavy rainfall risk | 🚨 Security concerns detected | 💼 Job market activity detected | ⚽ High sports engagement,43,crisis_signal,60
2026-05-02T20:44:23.967619,hourly,Lagos,Nigeria,1375.980377,83,"{'fuel price Nigeria': 0, 'dollar rate Nigeria': 0, 'food price Nigeria': 0, 'jobs in Nigeria': 0, 'isPartial': True}","[{'source': 'punch', 'title': 'EPL: Arsenal peaking at right time, says Arteta'}, {'source': 'punch', 'title': 'Sanwo-Olu urges Badagry to preserve late monarch’s legacy'}, {'source': 'punch', 'title': 'Usyk backs Anthony Joshua to beat Tyson Fury'}, {'source': 'vanguard', 'title': 'Justice Crack: Nigerians call on Defence Minister to secure release of Mark Chidera'}, {'source': 'vanguard', 'title': 'FCT CP orders probe into killing of AMAC revenue staff member'}, {'source': 'vanguard', 'title': 'Israel strikes several parts of south Lebanon, says targeted Hezbollah'}]","[{'title': 'Lead Analytics Engineer Borrowing', 'company': 'Monzo', 'location': 'Cardiff, London'}, {'title': 'Maps Visual Design Relevance Rater English', 'company': 'Welo Global', 'location': 'United States'}, {'title': 'Solutions Analyst', 'company': 'Sayari', 'location': ''}, {'title': 'Lead Analytics Engineer Borrowing', 'company': 'Monzo', 'location': 'Cardiff, London'}, {'title': 'Account Executive Branded Merchandise Promotional Products', 'company': 'Reachdesk Ltd', 'location': 'Atlanta'}]","[{'title': 'Arsenal beat Fulham to move six points clear of Man City', 'source': 'bbc_sport'}, {'title': 'Three red cards for hair pulling in 2026 - is it time to change law?', 'source': 'bbc_sport'}, {'title': 'Are Ipswich better equipped for Premier League this time?', 'source': 'bbc_sport'}, {'title': 'Woodwork woe and a Spurs lifeline - West Ham suffer in survival fight', 'source': 'bbc_sport'}, {'title': 'West Ham survival hopes take a blow after defeat to Brentford', 'source': 'bbc_sport'}]",🌧️ Heavy rainfall risk | 💼 Job market activity detected | ⚽ High sports engagement,33,crisis_signal,45
2026-05-02T21:43:10.348750,hourly,Lagos,Nigeria,1375.980377,83,"{'fuel price Nigeria': 0, 'dollar rate Nigeria': 0, 'food price Nigeria': 0, 'jobs in Nigeria': 0, 'isPartial': True}","[{'source': 'punch', 'title': 'JUST IN: Tinubu reschedules three-nation trip to Sunday'}, {'source': 'punch', 'title': 'FULL LIST: Europe’s top 10 scoring attacking trios of 2026'}, {'source': 'punch', 'title': 'EPL: Arsenal peaking at right time, says Arteta'}, {'source': 'vanguard', 'title': 'Barcelona on verge of La Liga title defence with win at Osasuna'}, {'source': 'vanguard', 'title': 'Poland 2026: Falconets cage Malawi 2-0 in Ikenne, eye win in Lilongwe'}, {'source': 'vanguard', 'title': 'Shun armed struggle against Nigerian govt, Akpabio to Igbo youth'}]","[{'title': 'Lead Analytics Engineer Borrowing', 'company': 'Monzo', 'location': 'Cardiff, London'}, {'title': 'Maps Visual Design Relevance Rater English', 'company': 'Welo Global', 'location': 'United States'}, {'title': 'Solutions Analyst', 'company': 'Sayari', 'location': ''}, {'title': 'Lead Analytics Engineer Borrowing', 'company': 'Monzo', 'location': 'Cardiff, London'}, {'title': 'Account Executive Branded Merchandise Promotional Products', 'company': 'Reachdesk Ltd', 'location': 'Atlanta'}]","[{'title': 'Watch: Match of the Day', 'source': 'bbc_sport'}, {'title': 'Has much-maligned Gyokeres proved his critics wrong?', 'source': 'bbc_sport'}, {'title': 'Three red cards for hair pulling in 2026 - is it time to change law?', 'source': 'bbc_sport'}, {'title': 'Arsenal beat Fulham to move six points clear of Man City', 'source': 'bbc_sport'}, {'title': 'Woodwork woe and a Spurs lifeline - West Ham suffer in survival fight', 'source': 'bbc_sport'}]",🌧️ Heavy rainfall risk | 💼 Job market activity detected | ⚽ High sports engagement,33,crisis_signal,60
2026-05-02T22:44:58.269933,hourly,Lagos,Nigeria,1375.980377,83,"{'fuel price Nigeria': 0, 'dollar rate Nigeria': 0, 'food price Nigeria': 0, 'jobs in Nigeria': 0, 'isPartial': True}","[{'source': 'punch', 'title': '2027: Ekiti South APC adopts Senate spokesman Adaramodu as consensus candidate'}, {'source': 'punch', 'title': 'Stay vigilant in UK, US tells citizens'}, {'source': 'punch', 'title': 'JUST IN: Tinubu reschedules three-nation trip to Sunday'}, {'source': 'vanguard', 'title': 'Just In: Tinubu moves three-nation trip to Sunday'}, {'source': 'vanguard', 'title': 'Barcelona on verge of La Liga title defence with win at Osasuna'}, {'source': 'vanguard', 'title': 'Poland 2026: Falconets cage Malawi 2-0 in Ikenne, eye win in Lilongwe'}]","[{'title': 'Lead Analytics Engineer Borrowing', 'company': 'Monzo', 'location': 'Cardiff, London'}, {'title': 'Maps Visual Design Relevance Rater English', 'company': 'Welo Global', 'location': 'United States'}, {'title': 'Solutions Analyst', 'company': 'Sayari', 'location': ''}, {'title': 'Lead Analytics Engineer Borrowing', 'company': 'Monzo', 'location': 'Cardiff, London'}, {'title': 'Account Executive Branded Merchandise Promotional Products', 'company': 'Reachdesk Ltd', 'location': 'Atlanta'}]","[{'title': 'Is it advantage Arsenal in dramatic title race?', 'source': 'bbc_sport'}, {'title': 'Antonelli on Miami pole from revived Verstappen', 'source': 'bbc_sport'}, {'title': 'Has much-maligned Gyokeres proved his critics wrong?', 'source': 'bbc_sport'}, {'title': 'Three red cards for hair pulling in 2026 - is it time to change law?', 'source': 'bbc_sport'}, {'title': 'Arsenal beat Fulham to move six points clear of Man City', 'source': 'bbc_sport'}]",🌧️ Heavy rainfall risk | 💼 Job market activity detected | ⚽ High sports engagement,33,crisis_signal,45
2026-05-02T23:47:34.318578,hourly,Lagos,Nigeria,1375.980377,77,"{'fuel price Nigeria': 0, 'dollar rate Nigeria': 0, 'food price Nigeria': 0, 'jobs in Nigeria': 0, 'isPartial': True}","[{'source': 'punch', 'title': 'I’m in talks with NDC, PRP leaders over my political future  — Kwankwaso'}, {'source': 'punch', 'title': 'Tackle insecurity, Methodist Church urges Tinubu'}, {'source': 'punch', 'title': 'NUPRC moves to boost domestic gas supply'}, {'source': 'vanguard', 'title': 'Beyond Chatgpt: The hidden AI opportunities Nigeria is missing'}, {'source': 'vanguard', 'title': 'It pays to enjoy being a merry widow!'}, {'source': 'vanguard', 'title': 'His grace is sufficient, by Funmi Komolafe'}]","[{'title': 'Lead Analytics Engineer Borrowing', 'company': 'Monzo', 'location': 'Cardiff, London'}, {'title': 'Maps Visual Design Relevance Rater English', 'company': 'Welo Global', 'location': 'United States'}, {'title': 'Solutions Analyst', 'company': 'Sayari', 'location': ''}, {'title': 'Lead Analytics Engineer Borrowing', 'company': 'Monzo', 'location': 'Cardiff, London'}, {'title': 'Account Executive Branded Merchandise Promotional Products', 'company': 'Reachdesk Ltd', 'location': 'Atlanta'}]","[{'title': 'Is it advantage Arsenal in dramatic title race?', 'source': 'bbc_sport'}, {'title': ""'I completely blew it' - Wu into final as Allen misses simple black to win"", 'source': 'bbc_sport'}, {'title': ""Drivers 'thrown in deep end' for expected wet race"", 'source': 'bbc_sport'}, {'title': 'Has much-maligned Gyokeres proved his critics wrong?', 'source': 'bbc_sport'}, {'title': 'Three red cards for hair pulling in 2026 - is it time to change law?', 'source': 'bbc_sport'}]",🌧️ Heavy rainfall risk | 🚨 Security concerns detected | 💼 Job market activity detected | ⚽ High sports engagement,43,crisis_signal,60
2026-05-03T03:28:07.851169,hourly,Lagos,Nigeria,1375.980377,75,"{'fuel price Nigeria': 0, 'dollar rate Nigeria': 0, 'food price Nigeria': 0, 'jobs in Nigeria': 0, 'isPartial': True}","[{'source': 'punch', 'title': 'Lagos Anglican women host growth fellowship'}, {'source': 'punch', 'title': 'Police probe Oyo motorcyclist’s death'}, {'source': 'punch', 'title': 'I’m in talks with NDC, PRP leaders over my political future  — Kwankwaso'}, {'source': 'vanguard', 'title': 'From United State, Canada: How dangerous\xa0‘Tokunbo’ enter Nigeria roads'}, {'source': 'vanguard', 'title': 'Fresh alarm over 2027 polls: Ex-REC lists ‘dangerous’ Sections of Electoral Act 2026'}, {'source': 'vanguard', 'title': 'Bauchi Gov, Bala Mohammed dumps PDP for APM'}]","[{'title': 'Social Media Growth Lead', 'company': 'Black &amp; White Zebra', 'location': ''}, {'title': 'Data Conversion Developer', 'company': 'Grant Street Group', 'location': 'United States (Remote)'}, {'title': 'Director of Supply Chain', 'company': 'STR', 'location': 'Remote'}, {'title': 'Account Executive', 'company': 'BlastPoint', 'location': ''}, {'title': 'Clinical Vendor Activation Manager', 'company': 'Care Access', 'location': 'USA Remote'}]","[{'title': 'Is it advantage Arsenal in dramatic title race?', 'source': 'bbc_sport'}, {'title': ""'I completely blew it' - Wu into final as Allen misses simple black to win"", 'source': 'bbc_sport'}, {'title': 'Miami race brought forward by three hours because of storm threat', 'source': 'bbc_sport'}, {'title': 'Has much-maligned Gyokeres proved his critics wrong?', 'source': 'bbc_sport'}, {'title': 'Three red cards for hair pulling in 2026 - is it time to change law?', 'source': 'bbc_sport'}]",🌧️ Heavy rainfall risk | 💼 Job market activity detected | ⚽ High sports engagement,33,crisis_signal,45
2026-05-03T06:27:39.029657,hourly,Lagos,Nigeria,1375.980377,75,{},"[{'source': 'punch', 'title': 'US not likely to accept new Iran peace proposal – Trump'}, {'source': 'punch', 'title': 'I’m in talks with NDC, PRP leaders over my political future  — Kwankwaso'}, {'source': 'punch', 'title': 'Welfare: Military detains blogger for allegedly inciting soldiers'}, {'source': 'vanguard', 'title': '2027: Ikeja residents back Ayinla for Reps seat'}, {'source': 'vanguard', 'title': 'AMAC Staff Killing: Police launch probe'}, {'source': 'vanguard', 'title': 'I have never felt lonely before — Don Jazzy'}]","[{'title': 'Social Media Growth Lead', 'company': 'Black &amp; White Zebra', 'location': ''}, {'title': 'Data Conversion Developer', 'company': 'Grant Street Group', 'location': 'United States (Remote)'}, {'title': 'Director of Supply Chain', 'company': 'STR', 'location': 'Remote'}, {'title': 'Account Executive', 'company': 'BlastPoint', 'location': ''}, {'title': 'Clinical Vendor Activation Manager', 'company': 'Care Access', 'location': 'USA Remote'}]","[{'title': 'What would it cost England and Scotland fans to go to World Cup?', 'source': 'bbc_sport'}, {'title': 'Is it advantage Arsenal in dramatic title race?', 'source': 'bbc_sport'}, {'title': ""'I completely blew it' - Wu into final as Allen misses simple black to win"", 'source': 'bbc_sport'}, {'title': 'Miami race brought forward by three hours because of storm threat', 'source': 'bbc_sport'}, {'title': 'Has much-maligned Gyokeres proved his critics wrong?', 'source': 'bbc_sport'}]",🌧️ Heavy rainfall risk | 💼 Job market activity detected | ⚽ High sports engagement,30,crisis_signal,45
2026-05-03T08:48:09.259831,hourly,Lagos,Nigeria,1375.980377,75,"{'fuel price Nigeria': 0, 'dollar rate Nigeria': 0, 'food price Nigeria': 0, 'jobs in Nigeria': 0, 'isPartial': True}","[{'source': 'punch', 'title': 'Masked gunmen kidnap 60-year-old trader in Oyo'}, {'source': 'punch', 'title': 'Protect journalists, tackle insecurity, SERAP, NGE urge Tinubu, govs'}, {'source': 'punch', 'title': 'Sri Lanka hikes fuel prices as inflation spikes'}, {'source': 'vanguard', 'title': 'Super Eagles stars Moffi, Sanusi clinch league title with with Porto'}, {'source': 'vanguard', 'title': 'CAF announces date for AFCON 2027, qualifiers'}, {'source': 'vanguard', 'title': 'NGE, SERAP to Tinubu Govt, governors, others: Protect journalists, end insecurity, impunity now'}]","[{'title': 'Social Media Growth Lead', 'company': 'Black &amp; White Zebra', 'location': ''}, {'title': 'Data Conversion Developer', 'company': 'Grant Street Group', 'location': 'United States (Remote)'}, {'title': 'Director of Supply Chain', 'company': 'STR', 'location': 'Remote'}, {'title': 'Account Executive', 'company': 'BlastPoint', 'location': ''}, {'title': 'Clinical Vendor Activation Manager', 'company': 'Care Access', 'location': 'USA Remote'}]","[{'title': 'What would it cost England and Scotland fans to go to World Cup?', 'source': 'bbc_sport'}, {'title': ""'I completely blew it' - Wu into final as Allen misses simple black to win"", 'source': 'bbc_sport'}, {'title': 'Miami race brought forward by three hours because of storm threat', 'source': 'bbc_sport'}, {'title': 'Is it advantage Arsenal in dramatic title race?', 'source': 'bbc_sport'}, {'title': 'Has much-maligned Gyokeres proved his critics wrong?', 'source': 'bbc_sport'}]",🌧️ Heavy rainfall risk | 🚨 Security concerns detected | ⛽ Fuel-related pressure detected | 💼 Job market activity detected | ⚽ High sports engagement,53,crisis_signal,60
2026-05-03T10:06:45.791751,hourly,Lagos,Nigeria,1375.980377,75,{},"[{'source': 'punch', 'title': 'Petrol price hike forces Abuja residents to abandon cars for public transport'}, {'source': 'punch', 'title': '1,500 women, children get free medical care in Kano outreach'}, {'source': 'punch', 'title': 'Motorists seek FG’s intervention over economic hardship'}, {'source': 'vanguard', 'title': 'Grandpas arrested for drug trafficking in Abia, Ekiti'}, {'source': 'vanguard', 'title': 'Super Eagles stars Moffi, Sanusi clinch league title with with Porto'}, {'source': 'vanguard', 'title': 'CAF announces date for AFCON 2027, qualifiers'}]","[{'title': 'Social Media Growth Lead', 'company': 'Black &amp; White Zebra', 'location': ''}, {'title': 'Data Conversion Developer', 'company': 'Grant Street Group', 'location': 'United States (Remote)'}, {'title': 'Director of Supply Chain', 'company': 'STR', 'location': 'Remote'}, {'title': 'Account Executive', 'company': 'BlastPoint', 'location': ''}, {'title': 'Clinical Vendor Activation Manager', 'company': 'Care Access', 'location': 'USA Remote'}]","[{'title': 'What would it cost England and Scotland fans to go to World Cup?', 'source': 'bbc_sport'}, {'title': ""'I completely blew it' - Wu into final as Allen misses simple black to win"", 'source': 'bbc_sport'}, {'title': 'Miami race brought forward by three hours because of storm threat', 'source': 'bbc_sport'}, {'title': 'Is it advantage Arsenal in dramatic title race?', 'source': 'bbc_sport'}, {'title': 'Has much-maligned Gyokeres proved his critics wrong?', 'source': 'bbc_sport'}]",🌧️ Heavy rainfall risk | 💼 Job market activity detected | ⚽ High sports engagement,30,crisis_signal,45
2026-05-03T11:44:43.526508,hourly,Lagos,Nigeria,1375.980377,75,"{'fuel price Nigeria': 0, 'dollar rate Nigeria': 0, 'food price Nigeria': 0, 'jobs in Nigeria': 0, 'isPartial': True}","[{'source': 'punch', 'title': 'NAF airstrikes hit terrorists, destroy hideout in Katsina'}, {'source': 'punch', 'title': 'Nigerian, Benin militias kill 41 herders in border raid — Report'}, {'source': 'punch', 'title': 'US preacher tells Otti to be model of good governance'}, {'source': 'vanguard', 'title': 'Why I am leaving ADC – Peter Obi'}, {'source': 'vanguard', 'title': 'NNPP rebuts Kwankwaso, denies external influence in party exit'}, {'source': 'vanguard', 'title': 'JAMB to decide 2026 UTME cutoff marks May 11'}]","[{'title': 'Social Media Growth Lead', 'company': 'Black &amp; White Zebra', 'location': ''}, {'title': 'Data Conversion Developer', 'company': 'Grant Street Group', 'location': 'United States (Remote)'}, {'title': 'Director of Supply Chain', 'company': 'STR', 'location': 'Remote'}, {'title': 'Account Executive', 'company': 'BlastPoint', 'location': ''}, {'title': 'Clinical Vendor Activation Manager', 'company': 'Care Access', 'location': 'USA Remote'}]","[{'title': ""'I completely blew it' - Wu into final as Allen misses simple black to win"", 'source': 'bbc_sport'}, {'title': 'Watford sack boss Still after less than three months', 'source': 'bbc_sport'}, {'title': 'Miami race brought forward by three hours because of storm threat', 'source': 'bbc_sport'}, {'title': 'What would it cost England and Scotland fans to go to World Cup?', 'source': 'bbc_sport'}, {'title': ""Joshua return the 'ultimate comeback' but a 'risk'"", 'source': 'bbc_sport'}]",🌧️ Heavy rainfall risk | 💼 Job market activity detected | ⚽ High sports engagement,33,crisis_signal,45
2026-05-03T13:15:47.894058,hourly,Lagos,Nigeria,1375.980377,81,"{'fuel price Nigeria': 0, 'dollar rate Nigeria': 0, 'food price Nigeria': 0, 'jobs in Nigeria': 0, 'isPartial': True}","[{'source': 'punch', 'title': 'Foundation warns of rapid decline in press freedom across Africa'}, {'source': 'punch', 'title': 'Watford sack Ed Still after three months in charge'}, {'source': 'punch', 'title': 'ADC factional chair denies threat to life claims'}, {'source': 'vanguard', 'title': 'I fear God, I won’t betray your trust – APC candidate assures Osun electorate'}, {'source': 'vanguard', 'title': 'Tinubu can only lose on social media, not at polling units – Gov Uba Sani'}, {'source': 'vanguard', 'title': 'Doctor, lawyer disagree over family dispute in Anambra'}]","[{'title': 'Social Media Growth Lead', 'company': 'Black &amp; White Zebra', 'location': ''}, {'title': 'Data Conversion Developer', 'company': 'Grant Street Group', 'location': 'United States (Remote)'}, {'title': 'Director of Supply Chain', 'company': 'STR', 'location': 'Remote'}, {'title': 'Account Executive', 'company': 'BlastPoint', 'location': ''}, {'title': 'Clinical Vendor Activation Manager', 'company': 'Care Access', 'location': 'USA Remote'}]","[{'title': 'Watford sack boss Still after less than three months', 'source': 'bbc_sport'}, {'title': ""Joshua return the 'ultimate comeback' but a 'risk'"", 'source': 'bbc_sport'}, {'title': 'Heartbroken Allen loses semi-final after fluffing winning pot', 'source': 'bbc_sport'}, {'title': 'Arsenal beat Fulham to move six points clear of Man City', 'source': 'bbc_sport'}, {'title': ""'It's ridiculous - the rule has to change' - Rooney"", 'source': 'bbc_sport'}]",🌧️ Heavy rainfall risk | 💼 Job market activity detected | ⚽ High sports engagement,33,crisis_signal,45
2026-05-03T14:51:32.464314,hourly,Lagos,Nigeria,1375.980377,81,"{'fuel price Nigeria': 0, 'dollar rate Nigeria': 0, 'food price Nigeria': 0, 'jobs in Nigeria': 0, 'isPartial': True}","[{'source': 'punch', 'title': 'Father, son bag postgraduate degrees at DELSU convocation'}, {'source': 'punch', 'title': 'VIDEO: Market women rejoice over Lateef Adedimeji, Mo Bimpe’s triplets'}, {'source': 'punch', 'title': 'Suspected herders kill four in fresh Benue community attack'}, {'source': 'vanguard', 'title': 'Atiku to visit US over insecurity, bad economy,  governance – Aide'}, {'source': 'vanguard', 'title': 'Soyinka rejects ‘Secret Cult’ tag on Pyrates'}, {'source': 'vanguard', 'title': '‘No one assaulted my decorator’s 70-year-old father in Delta’ — Counter-claim emerges'}]","[{'title': 'Social Media Growth Lead', 'company': 'Black &amp; White Zebra', 'location': ''}, {'title': 'Data Conversion Developer', 'company': 'Grant Street Group', 'location': 'United States (Remote)'}, {'title': 'Director of Supply Chain', 'company': 'STR', 'location': 'Remote'}, {'title': 'Account Executive', 'company': 'BlastPoint', 'location': ''}, {'title': 'Clinical Vendor Activation Manager', 'company': 'Care Access', 'location': 'USA Remote'}]","[{'title': ""Who is snooker's new superstar Wu?"", 'source': 'bbc_sport'}, {'title': 'Watford sack boss Still after less than three months', 'source': 'bbc_sport'}, {'title': ""Kerr breaks Kirby's Chelsea goal record"", 'source': 'bbc_sport'}, {'title': 'Heartbroken Allen loses semi-final after fluffing winning pot', 'source': 'bbc_sport'}, {'title': ""Hemp & Knaak on 'deserved' win over Liverpool"", 'source': 'bbc_sport'}]",🌧️ Heavy rainfall risk | 🚨 Security concerns detected | 💼 Job market activity detected | ⚽ High sports engagement,43,crisis_signal,60
2026-05-03T15:50:39.639962,hourly,Lagos,Nigeria,1375.980377,85,"{'fuel price Nigeria': 0, 'dollar rate Nigeria': 0, 'food price Nigeria': 0, 'jobs in Nigeria': 0, 'isPartial': True}","[{'source': 'punch', 'title': 'Fire guts seven shops, residence in Kwara'}, {'source': 'punch', 'title': 'Press Freedom Day: Free, independent media cornerstone of progressive society — Bauchi gov'}, {'source': 'punch', 'title': 'Ogun APC adopts Abiodun’s ex-CoS as Reps consensus candidate'}, {'source': 'vanguard', 'title': 'PDP Unity: Let’s forgive each other — Lamido'}, {'source': 'vanguard', 'title': 'Police recovered my car, then sold it — Onyebuchi'}, {'source': 'vanguard', 'title': 'Iheanacho nets winner as Celtic F.C. edge Hibernian F.C.'}]","[{'title': 'Social Media Growth Lead', 'company': 'Black &amp; White Zebra', 'location': ''}, {'title': 'Data Conversion Developer', 'company': 'Grant Street Group', 'location': 'United States (Remote)'}, {'title': 'Director of Supply Chain', 'company': 'STR', 'location': 'Remote'}, {'title': 'Account Executive', 'company': 'BlastPoint', 'location': ''}, {'title': 'Clinical Vendor Activation Manager', 'company': 'Care Access', 'location': 'USA Remote'}]","[{'title': 'Ferguson taken to hospital as precaution before Man Utd v Liverpool', 'source': 'bbc_sport'}, {'title': 'The battle for sixth... and why teams might need to lose on final day', 'source': 'bbc_sport'}, {'title': 'Howe set to stay in charge of Newcastle after summit', 'source': 'bbc_sport'}, {'title': ""Who is snooker's new superstar Wu?"", 'source': 'bbc_sport'}, {'title': ""Kerr breaks Kirby's Chelsea goal record"", 'source': 'bbc_sport'}]",🌧️ Heavy rainfall risk | 💼 Job market activity detected | ⚽ High sports engagement,33,crisis_signal,45
2026-05-03T16:54:25.071727,hourly,Lagos,Nigeria,1375.980377,85,"{'fuel price Nigeria': 0, 'dollar rate Nigeria': 0, 'food price Nigeria': 0, 'jobs in Nigeria': 0, 'isPartial': True}","[{'source': 'punch', 'title': 'JUST IN: Obi, Kwankwaso hold closed-door meeting with NDC leaders'}, {'source': 'punch', 'title': 'Atiku slams FG over declining foreign reserves despite ₦5tn oil windfall'}, {'source': 'punch', 'title': 'Ekiti church attack: Oyebanji urges vigilance, vows rescue of 16 abducted worshippers'}, {'source': 'vanguard', 'title': 'PDP BoT assumes leadership after court ruling'}, {'source': 'vanguard', 'title': 'Man United beat Liverpool 3-2 to secure Champions League qualification'}, {'source': 'vanguard', 'title': 'Effurun Killing: PSC confirms dismissal of five police officers'}]","[{'title': 'Social Media Growth Lead', 'company': 'Black &amp; White Zebra', 'location': ''}, {'title': 'Data Conversion Developer', 'company': 'Grant Street Group', 'location': 'United States (Remote)'}, {'title': 'Director of Supply Chain', 'company': 'STR', 'location': 'Remote'}, {'title': 'Account Executive', 'company': 'BlastPoint', 'location': ''}, {'title': 'Clinical Vendor Activation Manager', 'company': 'Care Access', 'location': 'USA Remote'}]","[{'title': 'Ferguson taken to hospital as precaution before Man Utd v Liverpool', 'source': 'bbc_sport'}, {'title': 'Murphy & Wu level in world final after spectator ejected for jumping barrier', 'source': 'bbc_sport'}, {'title': 'Sinner wins in Madrid to set Masters title record', 'source': 'bbc_sport'}, {'title': 'Bath beaten by Bordeaux in pulsating Champions Cup semi-final', 'source': 'bbc_sport'}, {'title': 'The battle for sixth... and why teams might need to lose on final day', 'source': 'bbc_sport'}]",🌧️ Heavy rainfall risk | 💼 Job market activity detected | ⚽ High sports engagement,33,crisis_signal,60
2026-05-03T17:49:53.099385,hourly,Lagos,Nigeria,1375.980136,85,"{'fuel price Nigeria': 0, 'dollar rate Nigeria': 0, 'food price Nigeria': 0, 'jobs in Nigeria': 0, 'isPartial': True}","[{'source': 'punch', 'title': 'Benue APC: Alia, SGF disagree over automatic ticket'}, {'source': 'punch', 'title': '130 Nigerians register for evacuation from South Africa amid xenophobic tensions'}, {'source': 'punch', 'title': 'Man Utd beat Liverpool to secure Champions League place'}, {'source': 'vanguard', 'title': 'Just in: LP fixes N50m presidential nomination fee'}, {'source': 'vanguard', 'title': 'PDP: After S-Court blow, leaders fix emergency NEC meeting'}, {'source': 'vanguard', 'title': 'U.S. makes U-turn, lifts visa ban for Nigerian, other foreign doctors'}]","[{'title': 'Social Media Growth Lead', 'company': 'Black &amp; White Zebra', 'location': ''}, {'title': 'Data Conversion Developer', 'company': 'Grant Street Group', 'location': 'United States (Remote)'}, {'title': 'Director of Supply Chain', 'company': 'STR', 'location': 'Remote'}, {'title': 'Account Executive', 'company': 'BlastPoint', 'location': ''}, {'title': 'Clinical Vendor Activation Manager', 'company': 'Care Access', 'location': 'USA Remote'}]","[{'title': 'Murphy & Wu level in world final after spectator ejected for jumping barrier', 'source': 'bbc_sport'}, {'title': 'Ferguson taken to hospital as precaution before Man Utd v Liverpool', 'source': 'bbc_sport'}, {'title': 'Sinner wins in Madrid to set Masters title record', 'source': 'bbc_sport'}, {'title': 'Bath beaten by Bordeaux in pulsating Champions Cup semi-final', 'source': 'bbc_sport'}, {'title': 'The battle for sixth... and why teams might need to lose on final day', 'source': 'bbc_sport'}]",🌧️ Heavy rainfall risk | 💼 Job market activity detected | ⚽ High sports engagement,33,crisis_signal,45
2026-05-03T19:03:08.038738,hourly,Lagos,Nigeria,1375.979823,85,"{'fuel price Nigeria': 0, 'dollar rate Nigeria': 0, 'food price Nigeria': 0, 'jobs in Nigeria': 0, 'isPartial': True}","[{'source': 'punch', 'title': 'Pantami rejects Gombe APC consensus, cites lack of inclusivity'}, {'source': 'punch', 'title': 'LP pegs presidential form at ₦50m, offers Otti free nomination'}, {'source': 'punch', 'title': 'Tinubu hails team Nigeria on record 15th African wrestling title'}, {'source': 'vanguard', 'title': 'Tinubu congratulates Team Nigeria on record 15th African wrestling title'}, {'source': 'vanguard', 'title': 'Same lawyer, two parties: Coalition demands INEC probe of APM, NDC; commission reacts'}, {'source': 'vanguard', 'title': 'OPEC+ increases oil production quota to stabilize market'}]","[{'title': 'Social Media Growth Lead', 'company': 'Black &amp; White Zebra', 'location': ''}, {'title': 'Data Conversion Developer', 'company': 'Grant Street Group', 'location': 'United States (Remote)'}, {'title': 'Director of Supply Chain', 'company': 'STR', 'location': 'Remote'}, {'title': 'Account Executive', 'company': 'BlastPoint', 'location': ''}, {'title': 'Clinical Vendor Activation Manager', 'company': 'Care Access', 'location': 'USA Remote'}]","[{'title': 'Ferguson taken to hospital as precaution before Man Utd v Liverpool', 'source': 'bbc_sport'}, {'title': 'Antonelli wins in Miami to extend title lead', 'source': 'bbc_sport'}, {'title': 'Sinner wins in Madrid to set Masters title record', 'source': 'bbc_sport'}, {'title': ""Van Graan criticises TV replay 'consistency' after Bath lose semi-final"", 'source': 'bbc_sport'}, {'title': 'GB win mixed 4x400m bronze as five teams make Worlds', 'source': 'bbc_sport'}]",🌧️ Heavy rainfall risk | 💼 Job market activity detected | ⚽ High sports engagement,33,crisis_signal,45
2026-05-03T20:47:00.390012,hourly,Lagos,Nigeria,1375.980442,85,"{'fuel price Nigeria': 0, 'dollar rate Nigeria': 0, 'food price Nigeria': 0, 'jobs in Nigeria': 66, 'isPartial': True}","[{'source': 'punch', 'title': 'APC unveils consensus 2027 governorship candidate in Gombe'}, {'source': 'punch', 'title': 'Help tackle youth moral crisis, Plateau gov urges church'}, {'source': 'punch', 'title': 'EPL: Spurs out of relegation zone after vital win at Villa'}, {'source': 'vanguard', 'title': 'Desmond Elliot obtains Nomination Form, seeks return to Lagos Assembly'}, {'source': 'vanguard', 'title': 'Tottenham climb out of relegation zone after 2-1 win at Aston Villa'}, {'source': 'vanguard', 'title': 'Defection: Peter Obi was left with no choice but to defect – DG Heritage Centre'}]","[{'title': 'Social Media Growth Lead', 'company': 'Black &amp; White Zebra', 'location': ''}, {'title': 'Data Conversion Developer', 'company': 'Grant Street Group', 'location': 'United States (Remote)'}, {'title': 'Director of Supply Chain', 'company': 'STR', 'location': 'Remote'}, {'title': 'Account Executive', 'company': 'BlastPoint', 'location': ''}, {'title': 'Clinical Vendor Activation Manager', 'company': 'Care Access', 'location': 'USA Remote'}]","[{'title': ""Slot's VAR fury but loss highlights Liverpool issues"", 'source': 'bbc_sport'}, {'title': 'Carrick secures Champions League - what are Man Utd waiting for?', 'source': 'bbc_sport'}, {'title': 'Antonelli wins in Miami to extend title lead', 'source': 'bbc_sport'}, {'title': 'Man Utd beat Liverpool to secure Champions League place', 'source': 'bbc_sport'}, {'title': 'Spurs out of relegation zone with Villa win', 'source': 'bbc_sport'}]",🌧️ Heavy rainfall risk | 💼 Job market activity detected | ⚽ High sports engagement,36,crisis_signal,55
2026-05-03T21:44:20.356855,hourly,Lagos,Nigeria,1375.980329,85,"{'fuel price Nigeria': 0, 'dollar rate Nigeria': 0, 'food price Nigeria': 0, 'jobs in Nigeria': 0, 'isPartial': True}","[{'source': 'punch', 'title': 'Desmond Elliot obtains APC nomination form, seeks return to Lagos assembly'}, {'source': 'punch', 'title': 'Gunmen kill Edo businessman hours before child’s dedication'}, {'source': 'punch', 'title': 'Three dead, one injured in Lagos-Ibadan expressway crash – FRSC'}, {'source': 'vanguard', 'title': 'Xenophobia: Nigeria warns citizens ahead of Monday anti-foreigner protests in South Africa'}, {'source': 'vanguard', 'title': 'Trump says US will ‘guide’ ships out of Hormuz Strait from Monday'}, {'source': 'vanguard', 'title': 'Inter Milan win Italian title for third time in six seasons'}]","[{'title': 'Social Media Growth Lead', 'company': 'Black &amp; White Zebra', 'location': ''}, {'title': 'Data Conversion Developer', 'company': 'Grant Street Group', 'location': 'United States (Remote)'}, {'title': 'Director of Supply Chain', 'company': 'STR', 'location': 'Remote'}, {'title': 'Account Executive', 'company': 'BlastPoint', 'location': ''}, {'title': 'Clinical Vendor Activation Manager', 'company': 'Care Access', 'location': 'USA Remote'}]","[{'title': ""Slot's VAR fury but loss highlights Liverpool issues"", 'source': 'bbc_sport'}, {'title': 'Wu in control of Crucible final against Murphy', 'source': 'bbc_sport'}, {'title': 'Carrick secures Champions League - what are Man Utd waiting for?', 'source': 'bbc_sport'}, {'title': 'Antonelli wins in Miami to extend title lead', 'source': 'bbc_sport'}, {'title': 'Man Utd beat Liverpool to secure Champions League place', 'source': 'bbc_sport'}]",🌧️ Heavy rainfall risk | 💼 Job market activity detected | ⚽ High sports engagement,33,crisis_signal,45
2026-05-03T22:44:29.857632,hourly,Lagos,Nigeria,1375.980306,85,"{'fuel price Nigeria': 0, 'dollar rate Nigeria': 0, 'food price Nigeria': 0, 'jobs in Nigeria': 0, 'isPartial': True}","[{'source': 'punch', 'title': 'Talisman Endrick fires resurgent Lyon into third in France'}, {'source': 'punch', 'title': 'Vinicius double delays Barca title as Real Madrid down Espanyol'}, {'source': 'punch', 'title': 'Trump hails Iran talks, orders ship escorts through Hormuz'}, {'source': 'vanguard', 'title': 'Trump says ‘very positive’ Iran talks could lead to breakthrough in crisis'}, {'source': 'vanguard', 'title': 'Xenophobia: Nigeria warns citizens ahead of Monday anti-foreigner protests in South Africa'}, {'source': 'vanguard', 'title': 'Trump says US will ‘guide’ ships out of Hormuz Strait from Monday'}]","[{'title': 'Social Media Growth Lead', 'company': 'Black &amp; White Zebra', 'location': ''}, {'title': 'Data Conversion Developer', 'company': 'Grant Street Group', 'location': 'United States (Remote)'}, {'title': 'Director of Supply Chain', 'company': 'STR', 'location': 'Remote'}, {'title': 'Account Executive', 'company': 'BlastPoint', 'location': ''}, {'title': 'Clinical Vendor Activation Manager', 'company': 'Care Access', 'location': 'USA Remote'}]","[{'title': 'Has tide turned for troubled Spurs under De Zerbi?', 'source': 'bbc_sport'}, {'title': ""Slot's VAR fury but loss highlights Liverpool issues"", 'source': 'bbc_sport'}, {'title': 'Wu in control of Crucible final against Murphy', 'source': 'bbc_sport'}, {'title': 'Carrick secures Champions League - what are Man Utd waiting for?', 'source': 'bbc_sport'}, {'title': 'Antonelli wins in Miami to extend title lead', 'source': 'bbc_sport'}]",🌧️ Heavy rainfall risk | 💼 Job market activity detected | ⚽ High sports engagement,33,crisis_signal,55
2026-05-03T23:50:42.861489,hourly,Lagos,Nigeria,1376.000453,55,"{'fuel price Nigeria': 0, 'dollar rate Nigeria': 0, 'food price Nigeria': 0, 'jobs in Nigeria': 0, 'isPartial': True}","[{'source': 'punch', 'title': 'US disbursed $1.3bn aid to Nigeria in two years – Report'}, {'source': 'punch', 'title': 'Lagos community laments months-long blackout'}, {'source': 'punch', 'title': 'Lagos shuts down 12 hotels, malls over unsafe elevators'}, {'source': 'vanguard', 'title': 'Trump says ‘very positive’ Iran talks could lead to breakthrough in crisis'}, {'source': 'vanguard', 'title': 'Xenophobia: Nigeria warns citizens ahead of Monday anti-foreigner protests in South Africa'}, {'source': 'vanguard', 'title': 'Trump says US will ‘guide’ ships out of Hormuz Strait from Monday'}]","[{'title': 'Social Media Growth Lead', 'company': 'Black &amp; White Zebra', 'location': ''}, {'title': 'Data Conversion Developer', 'company': 'Grant Street Group', 'location': 'United States (Remote)'}, {'title': 'Director of Supply Chain', 'company': 'STR', 'location': 'Remote'}, {'title': 'Account Executive', 'company': 'BlastPoint', 'location': ''}, {'title': 'Clinical Vendor Activation Manager', 'company': 'Care Access', 'location': 'USA Remote'}]","[{'title': 'Has tide turned for troubled Spurs under De Zerbi?', 'source': 'bbc_sport'}, {'title': 'Wu in control of Crucible final against Murphy', 'source': 'bbc_sport'}, {'title': ""Slot's VAR fury but loss highlights Liverpool issues"", 'source': 'bbc_sport'}, {'title': 'Carrick secures Champions League - what are Man Utd waiting for?', 'source': 'bbc_sport'}, {'title': ""Antonelli 'stupendous' and Leclerc's 'lairy final lap' - driver ratings"", 'source': 'bbc_sport'}]",💼 Job market activity detected | ⚽ High sports engagement,18,moderate_pressure,50
2026-05-04T03:26:14.887628,hourly,Lagos,Nigeria,1375.649876,63,"{'fuel price Nigeria': 0, 'dollar rate Nigeria': 0, 'food price Nigeria': 0, 'jobs in Nigeria': 0, 'isPartial': True}","[{'source': 'punch', 'title': 'C’River gov mourns UNICROSS students, staffer killed in crash'}, {'source': 'punch', 'title': 'NDLEA nabs octogenarian, 78-year-old in Abia, Ekiti operations'}, {'source': 'punch', 'title': '62 Nigerians held in Uganda denied legal access – Lawyer'}, {'source': 'vanguard', 'title': 'M-East war: Iran gives US 30 days to end blockade'}, {'source': 'vanguard', 'title': 'Dangote slams false claims on refinery financing, ‘rift’ with Elumelu'}, {'source': 'vanguard', 'title': 'Avoid confrontation, Nigeria alerts citizens of xenophobic protests in South Africa today'}]","[{'title': 'Junior Mid Full Stack Software Engineer', 'company': 'Black Canyon Consulting', 'location': 'Bethesda'}, {'title': 'Work From Home Bilingual Client Services Representative', 'company': 'Global Elite Empire Consultants', 'location': 'San Diego, California'}, {'title': 'Social Media Growth Lead', 'company': 'Black &amp; White Zebra', 'location': ''}, {'title': 'Data Conversion Developer', 'company': 'Grant Street Group', 'location': 'United States (Remote)'}, {'title': 'Director of Supply Chain', 'company': 'STR', 'location': 'Remote'}]","[{'title': 'Has tide turned for troubled Spurs under De Zerbi?', 'source': 'bbc_sport'}, {'title': 'Wu in control of Crucible final against Murphy', 'source': 'bbc_sport'}, {'title': ""Slot's VAR fury but loss highlights Liverpool issues"", 'source': 'bbc_sport'}, {'title': 'Antonelli steps up his level in dramatic fashion', 'source': 'bbc_sport'}, {'title': 'Carrick secures Champions League - what are Man Utd waiting for?', 'source': 'bbc_sport'}]",🌧️ Heavy rainfall risk | 💼 Job market activity detected | ⚽ High sports engagement,33,crisis_signal,40
2026-05-04T06:40:14.087525,hourly,Lagos,Nigeria,1375.880149,63,"{'fuel price Nigeria': 0, 'dollar rate Nigeria': 0, 'food price Nigeria': 0, 'jobs in Nigeria': 0, 'isPartial': True}","[{'source': 'punch', 'title': 'ALGON endorses Tinubu for second term'}, {'source': 'punch', 'title': 'Why I’m not contesting Bauchi governorship -Health minister'}, {'source': 'punch', 'title': 'Musk vs OpenAI trial enters second week'}, {'source': 'vanguard', 'title': 'Dollar to Naira exchange rate today, May 4, 2026'}, {'source': 'vanguard', 'title': 'Strengthen governance or face regulatory action, CBN warns banks’ directors'}, {'source': 'vanguard', 'title': 'Stock investors reap N26.5trn in April, market cap hits N155.7trn'}]","[{'title': 'Junior Mid Full Stack Software Engineer', 'company': 'Black Canyon Consulting', 'location': 'Bethesda'}, {'title': 'Work From Home Bilingual Client Services Representative', 'company': 'Global Elite Empire Consultants', 'location': 'San Diego, California'}, {'title': 'Social Media Growth Lead', 'company': 'Black &amp; White Zebra', 'location': ''}, {'title': 'Data Conversion Developer', 'company': 'Grant Street Group', 'location': 'United States (Remote)'}, {'title': 'Director of Supply Chain', 'company': 'STR', 'location': 'Remote'}]","[{'title': 'Has tide turned for troubled Spurs under De Zerbi?', 'source': 'bbc_sport'}, {'title': 'Antonelli steps up his level in dramatic fashion', 'source': 'bbc_sport'}, {'title': ""'Premflix' and tourist fans - future of football predictions"", 'source': 'bbc_sport'}, {'title': 'Wu in control of Crucible final against Murphy', 'source': 'bbc_sport'}, {'title': 'Davide Ancelotti: My game in my words', 'source': 'bbc_sport'}]",🌧️ Heavy rainfall risk | 💼 Job market activity detected | ⚽ High sports engagement,33,crisis_signal,40
2026-05-04T09:21:53.118744,hourly,Lagos,Nigeria,1375.960109,63,{},"[{'source': 'punch', 'title': 'Iran executes three men over anti-govt protests'}, {'source': 'punch', 'title': 'UCL: Bayern, PSG brace for explosive semi-final decider'}, {'source': 'punch', 'title': 'Ogun pilgrims land in Saudi as Gateway Airport begins first international flight'}, {'source': 'vanguard', 'title': 'Musk vs OpenAI trial enters second week'}, {'source': 'vanguard', 'title': 'Gunmen kill five in fresh Plateau attack'}, {'source': 'vanguard', 'title': 'Edun gone: Nigeria’s new lease on life'}]","[{'title': 'Junior Mid Full Stack Software Engineer', 'company': 'Black Canyon Consulting', 'location': 'Bethesda'}, {'title': 'Work From Home Bilingual Client Services Representative', 'company': 'Global Elite Empire Consultants', 'location': 'San Diego, California'}, {'title': 'Social Media Growth Lead', 'company': 'Black &amp; White Zebra', 'location': ''}, {'title': 'Data Conversion Developer', 'company': 'Grant Street Group', 'location': 'United States (Remote)'}, {'title': 'Director of Supply Chain', 'company': 'STR', 'location': 'Remote'}]","[{'title': 'Antonelli steps up his level in dramatic fashion', 'source': 'bbc_sport'}, {'title': ""'Premflix' and tourist fans - future of football predictions"", 'source': 'bbc_sport'}, {'title': ""What happened to Everton's £40m signing Dibling?"", 'source': 'bbc_sport'}, {'title': 'Wu in control of Crucible final against Murphy', 'source': 'bbc_sport'}, {'title': ""Davide Ancelotti: My dad, my tactics and Brazil's World Cup prospects"", 'source': 'bbc_sport'}]",🌧️ Heavy rainfall risk | 💼 Job market activity detected | ⚽ High sports engagement,30,crisis_signal,55
2026-05-04T11:51:04.378875,hourly,Lagos,Nigeria,1376.149879,63,{},"[{'source': 'punch', 'title': 'Pope to meet US Secretary of State Thursday'}, {'source': 'punch', 'title': 'Champions League ‘not the same’ without Man United – Cunha'}, {'source': 'punch', 'title': 'Ogun killing was cult clash, not linked to Yayi rally — Police'}, {'source': 'vanguard', 'title': 'Expert calls for urgent action on Xenophobia in South Africa'}, {'source': 'vanguard', 'title': 'What is hantavirus, deadly infection behind cruise ship deaths explained'}, {'source': 'vanguard', 'title': 'US military denies one of its ships hit in Strait of Hormuz'}]","[{'title': 'Junior Mid Full Stack Software Engineer', 'company': 'Black Canyon Consulting', 'location': 'Bethesda'}, {'title': 'Work From Home Bilingual Client Services Representative', 'company': 'Global Elite Empire Consultants', 'location': 'San Diego, California'}, {'title': 'Social Media Growth Lead', 'company': 'Black &amp; White Zebra', 'location': ''}, {'title': 'Data Conversion Developer', 'company': 'Grant Street Group', 'location': 'United States (Remote)'}, {'title': 'Director of Supply Chain', 'company': 'STR', 'location': 'Remote'}]","[{'title': 'Antonelli steps up his level in dramatic fashion', 'source': 'bbc_sport'}, {'title': ""'Premflix' and tourist fans - future of football predictions"", 'source': 'bbc_sport'}, {'title': ""What happened to Everton's £40m signing Dibling?"", 'source': 'bbc_sport'}, {'title': 'Wu in control of Crucible final against Murphy', 'source': 'bbc_sport'}, {'title': 'Unacceptable season cannot be repeated - Van Dijk', 'source': 'bbc_sport'}]",🌧️ Heavy rainfall risk | 💼 Job market activity detected | ⚽ High sports engagement,30,crisis_signal,40
2026-05-04T14:06:26.492855,hourly,Lagos,Nigeria,1374.689783,16,{},"[{'source': 'punch', 'title': 'EPL: Virgil van Dijk admits Liverpool have fallen far below standards'}, {'source': 'punch', 'title': 'NNPC posts N276bn profit as gas output hits one-year high'}, {'source': 'punch', 'title': 'Court remands Justice Crack over Army feeding video'}, {'source': 'vanguard', 'title': 'Protests rock Calabar over death of UNICROSS students, driver'}, {'source': 'vanguard', 'title': 'Pope Leo to meet US Secretary of State Rubio Thursday'}, {'source': 'vanguard', 'title': 'Iran threatens to attack US forces in Hormuz after Trump’s escort plan'}]","[{'title': 'Junior Mid Full Stack Software Engineer', 'company': 'Black Canyon Consulting', 'location': 'Bethesda'}, {'title': 'Work From Home Bilingual Client Services Representative', 'company': 'Global Elite Empire Consultants', 'location': 'San Diego, California'}, {'title': 'Social Media Growth Lead', 'company': 'Black &amp; White Zebra', 'location': ''}, {'title': 'Data Conversion Developer', 'company': 'Grant Street Group', 'location': 'United States (Remote)'}, {'title': 'Director of Supply Chain', 'company': 'STR', 'location': 'Remote'}]","[{'title': 'Antonelli steps up his level in dramatic fashion', 'source': 'bbc_sport'}, {'title': ""'Premflix' and tourist fans - future of football predictions"", 'source': 'bbc_sport'}, {'title': ""What happened to Everton's £40m signing Dibling?"", 'source': 'bbc_sport'}, {'title': 'Unacceptable season cannot be repeated - Van Dijk', 'source': 'bbc_sport'}, {'title': 'Carrick has the Ferguson magic, says Cunha', 'source': 'bbc_sport'}]",💼 Job market activity detected | ⚽ High sports engagement,15,moderate_pressure,50
2026-05-04T16:48:11.934040,hourly,Lagos,Nigeria,1374.490223,92,{},"[{'source': 'punch', 'title': 'NDC holds Delta congress, inaugurates executives'}, {'source': 'punch', 'title': 'VIDEO: Sisi Alagbo apologises to herbal sellers, Nigerians over leaked tape'}, {'source': 'punch', 'title': 'Return home, cancel trips, protect Nigerians in S’Africa, Ezekwesili tells Tinubu'}, {'source': 'vanguard', 'title': 'FG demands probe into deaths of Nigerians in South Africa'}, {'source': 'vanguard', 'title': '2027: Tinubu rejects lobbyists pushing for Desmond Elliot’s 4th term — Sources'}, {'source': 'vanguard', 'title': 'Oil prices jump as Iran attacks UAE, US warships enter Hormuz'}]","[{'title': 'Junior Mid Full Stack Software Engineer', 'company': 'Black Canyon Consulting', 'location': 'Bethesda'}, {'title': 'Work From Home Bilingual Client Services Representative', 'company': 'Global Elite Empire Consultants', 'location': 'San Diego, California'}, {'title': 'Social Media Growth Lead', 'company': 'Black &amp; White Zebra', 'location': ''}, {'title': 'Data Conversion Developer', 'company': 'Grant Street Group', 'location': 'United States (Remote)'}, {'title': 'Director of Supply Chain', 'company': 'STR', 'location': 'Remote'}]","[{'title': 'Wu holds off Murphy to retain narrow lead in final', 'source': 'bbc_sport'}, {'title': 'How De Zerbi brought life to sinking Spurs', 'source': 'bbc_sport'}, {'title': ""Mourinho's Benfica still unbeaten - but miss out on title"", 'source': 'bbc_sport'}, {'title': ""Antonelli 'showing up' Russell after Miami win - Hill"", 'source': 'bbc_sport'}, {'title': 'Hurzeler agrees new long-term deal with Brighton', 'source': 'bbc_sport'}]",🌧️ Heavy rainfall risk | 💼 Job market activity detected | ⚽ High sports engagement,30,crisis_signal,60
2026-05-04T18:16:44.961135,hourly,Lagos,Nigeria,1375.319772,92,{},"[{'source': 'punch', 'title': 'Lebanese president insists on ceasefire before Israel meeting'}, {'source': 'punch', 'title': 'EPL: Jesse Derry conscious in hospital following collision in Chelsea loss'}, {'source': 'punch', 'title': 'Kwara distributes two million mosquito nets to tackle Malaria'}, {'source': 'vanguard', 'title': 'At 86, Westerhof wishes to be 100'}, {'source': 'vanguard', 'title': 'Accord tackles AGF over de-registration push'}, {'source': 'vanguard', 'title': 'APC Primaries: Senate Leader defends consensus option'}]","[{'title': 'Junior Mid Full Stack Software Engineer', 'company': 'Black Canyon Consulting', 'location': 'Bethesda'}, {'title': 'Work From Home Bilingual Client Services Representative', 'company': 'Global Elite Empire Consultants', 'location': 'San Diego, California'}, {'title': 'Social Media Growth Lead', 'company': 'Black &amp; White Zebra', 'location': ''}, {'title': 'Data Conversion Developer', 'company': 'Grant Street Group', 'location': 'United States (Remote)'}, {'title': 'Director of Supply Chain', 'company': 'STR', 'location': 'Remote'}]","[{'title': ""What Champions League failure means for 'broken club' Chelsea"", 'source': 'bbc_sport'}, {'title': 'How De Zerbi brought life to sinking Spurs', 'source': 'bbc_sport'}, {'title': ""Mourinho's Benfica still unbeaten - but miss out on title"", 'source': 'bbc_sport'}, {'title': ""Antonelli 'showing up' Russell after Miami win - Hill"", 'source': 'bbc_sport'}, {'title': ""Chelsea's Derry, 18, taken to hospital after head injury"", 'source': 'bbc_sport'}]",🌧️ Heavy rainfall risk | 💼 Job market activity detected | ⚽ High sports engagement,30,crisis_signal,45
2026-05-04T20:17:19.833838,hourly,Lagos,Nigeria,1371.87019,92,{},"[{'source': 'punch', 'title': 'Yobe’s acting SSG assumes duty'}, {'source': 'punch', 'title': 'Arteta warns Atletico will face Arsenal ‘beasts’ in Champions League'}, {'source': 'punch', 'title': 'Jigawa airlifts 480 pilgrims to Saudi Arabia for 2026 Hajj'}, {'source': 'vanguard', 'title': 'What is hantavirus, and can it spread between humans?'}, {'source': 'vanguard', 'title': 'Russia declares May 9 truce, threatens attack if Ukraine breaks it'}, {'source': 'vanguard', 'title': '2027: Senator Natasha picks forms, promises more opportunities'}]","[{'title': 'Junior Mid Full Stack Software Engineer', 'company': 'Black Canyon Consulting', 'location': 'Bethesda'}, {'title': 'Work From Home Bilingual Client Services Representative', 'company': 'Global Elite Empire Consultants', 'location': 'San Diego, California'}, {'title': 'Social Media Growth Lead', 'company': 'Black &amp; White Zebra', 'location': ''}, {'title': 'Data Conversion Developer', 'company': 'Grant Street Group', 'location': 'United States (Remote)'}, {'title': 'Director of Supply Chain', 'company': 'STR', 'location': 'Remote'}]","[{'title': ""What Champions League failure means for 'broken club' Chelsea"", 'source': 'bbc_sport'}, {'title': 'How De Zerbi brought life to sinking Spurs', 'source': 'bbc_sport'}, {'title': ""Mourinho's Benfica still unbeaten - but miss out on title"", 'source': 'bbc_sport'}, {'title': ""Antonelli 'showing up' Russell after Miami win - Hill"", 'source': 'bbc_sport'}, {'title': ""Will a fit Saka prove key to Arsenal's season finale?"", 'source': 'bbc_sport'}]",🌧️ Heavy rainfall risk | 💼 Job market activity detected | ⚽ High sports engagement,30,crisis_signal,60
2026-05-04T22:03:42.808519,hourly,Lagos,Nigeria,1370.92986,92,"{'fuel price Nigeria': 0, 'dollar rate Nigeria': 0, 'food price Nigeria': 0, 'jobs in Nigeria': 0, 'isPartial': True}","[{'source': 'punch', 'title': '\u200eKebbi gov submits APC nomination form for second term'}, {'source': 'punch', 'title': 'Arsenal take control of title race after Man City’s 3-3 draw with Everton'}, {'source': 'punch', 'title': 'Obi, Kwankwaso’s exit setback but relief, says ADC'}, {'source': 'vanguard', 'title': 'One killed, three injured as BBA market at Lagos Trade Fair shuts down'}, {'source': 'vanguard', 'title': 'Man City held 3-3 by Everton to hand Arsenal Premier League title advantage'}, {'source': 'vanguard', 'title': 'Arteta warns Atletico will face Arsenal ‘beasts’ in Champions League'}]","[{'title': 'Junior Mid Full Stack Software Engineer', 'company': 'Black Canyon Consulting', 'location': 'Bethesda'}, {'title': 'Work From Home Bilingual Client Services Representative', 'company': 'Global Elite Empire Consultants', 'location': 'San Diego, California'}, {'title': 'Social Media Growth Lead', 'company': 'Black &amp; White Zebra', 'location': ''}, {'title': 'Data Conversion Developer', 'company': 'Grant Street Group', 'location': 'United States (Remote)'}, {'title': 'Director of Supply Chain', 'company': 'STR', 'location': 'Remote'}]","[{'title': ""China's Wu, 22, beats Murphy in deciding frame to win world title"", 'source': 'bbc_sport'}, {'title': ""'Pure theatre puts Hearts on cusp of title fairytale'"", 'source': 'bbc_sport'}, {'title': 'The high-quality relegation battle more like a title race', 'source': 'bbc_sport'}, {'title': ""Man City's title hopes dented despite late Doku stunner in six-goal thriller"", 'source': 'bbc_sport'}, {'title': ""What Champions League failure means for 'broken club' Chelsea"", 'source': 'bbc_sport'}]",🌧️ Heavy rainfall risk | 💼 Job market activity detected | ⚽ High sports engagement,33,crisis_signal,45
2026-05-04T23:55:56.791800,hourly,Lagos,Nigeria,1370.930156,31,"{'fuel price Nigeria': 0, 'dollar rate Nigeria': 0, 'food price Nigeria': 0, 'jobs in Nigeria': 0, 'isPartial': True}","[{'source': 'punch', 'title': 'Senate: Ex-police chief emerges Gombe APC consensus candidate'}, {'source': 'punch', 'title': 'Spot the error: ‘The reason why is because he is very tired’'}, {'source': 'punch', 'title': 'Bauchi police nab suspect, recover N1.2m goods'}, {'source': 'vanguard', 'title': 'Newborn triplets at risk over N320,000 hospital debt'}, {'source': 'vanguard', 'title': 'It’s a relief Obi, Kwankwaso left us – ADC'}, {'source': 'vanguard', 'title': 'Elon Musk agrees to pay $1.5m over Twitter share buying'}]","[{'title': 'Junior Mid Full Stack Software Engineer', 'company': 'Black Canyon Consulting', 'location': 'Bethesda'}, {'title': 'Work From Home Bilingual Client Services Representative', 'company': 'Global Elite Empire Consultants', 'location': 'San Diego, California'}, {'title': 'Social Media Growth Lead', 'company': 'Black &amp; White Zebra', 'location': ''}, {'title': 'Data Conversion Developer', 'company': 'Grant Street Group', 'location': 'United States (Remote)'}, {'title': 'Director of Supply Chain', 'company': 'STR', 'location': 'Remote'}]","[{'title': 'A remarkable finale - but will 13 chaotic minutes cost Man City title?', 'source': 'bbc_sport'}, {'title': ""China's Wu, 22, beats Murphy in deciding frame to win world title"", 'source': 'bbc_sport'}, {'title': ""'Pure theatre puts Hearts on cusp of title fairytale'"", 'source': 'bbc_sport'}, {'title': 'The high-quality relegation battle more like a title race', 'source': 'bbc_sport'}, {'title': ""Man City's title hopes dented despite late Doku stunner in six-goal thriller"", 'source': 'bbc_sport'}]",💼 Job market activity detected | ⚽ High sports engagement,18,moderate_pressure,35
2026-05-05T03:22:16.785840,hourly,Lagos,Nigeria,1370.92996,49,{},"[{'source': 'punch', 'title': 'Soldier assaults TheCable journalist in Lagos traffic altercation'}, {'source': 'punch', 'title': 'FinTech unveils Bitcoin-powered naira settlement platform'}, {'source': 'punch', 'title': 'Experts promote rabbit value chain investment'}, {'source': 'vanguard', 'title': 'Police nab 13 over assault on journalist'}, {'source': 'vanguard', 'title': '16 killed in attacks on Katsina villages, Plateau communities'}, {'source': 'vanguard', 'title': 'Video: Plotters admit to planning coup against Tinubu in court'}]","[{'title': 'VFX Artist AI Training Vancouver Canada', 'company': 'Prolific Academic Ltd', 'location': 'Vancouver'}, {'title': 'Junior Mid Full Stack Software Engineer', 'company': 'Black Canyon Consulting', 'location': 'Bethesda'}, {'title': 'Work From Home Bilingual Client Services Representative', 'company': 'Global Elite Empire Consultants', 'location': 'San Diego, California'}, {'title': 'Social Media Growth Lead', 'company': 'Black &amp; White Zebra', 'location': ''}, {'title': 'Data Conversion Developer', 'company': 'Grant Street Group', 'location': 'United States (Remote)'}]","[{'title': 'A remarkable finale - but will 13 chaotic minutes cost Man City title?', 'source': 'bbc_sport'}, {'title': ""China's Wu, 22, beats Murphy in deciding frame to win world title"", 'source': 'bbc_sport'}, {'title': ""'Pure theatre puts Hearts on cusp of title fairytale'"", 'source': 'bbc_sport'}, {'title': 'The high-quality relegation battle more like a title race', 'source': 'bbc_sport'}, {'title': ""Man City's title hopes dented despite late Doku stunner in six-goal thriller"", 'source': 'bbc_sport'}]",💼 Job market activity detected | ⚽ High sports engagement,15,moderate_pressure,55
2026-05-05T06:18:07.211339,hourly,Lagos,Nigeria,1370.929821,60,"{'fuel price Nigeria': 0, 'dollar rate Nigeria': 0, 'food price Nigeria': 0, 'jobs in Nigeria': 0, 'isPartial': True}","[{'source': 'punch', 'title': 'India condemns drone strike on UAE'}, {'source': 'punch', 'title': 'Ibadan indigenes warn politicians against disrespecting Olubadan'}, {'source': 'punch', 'title': 'NSCDC unveils Agro Rangers base to secure Gombe’s agricultural assets'}, {'source': 'vanguard', 'title': 'Cartoon: Gentleman? In Nigerian politics?'}, {'source': 'vanguard', 'title': 'Dollar to Naira exchange rate today, May 5, 2026'}, {'source': 'vanguard', 'title': 'FG, striking varsity workers’ talks deadlock as shutdown worsens nationwide'}]","[{'title': 'VFX Artist AI Training Vancouver Canada', 'company': 'Prolific Academic Ltd', 'location': 'Vancouver'}, {'title': 'Junior Mid Full Stack Software Engineer', 'company': 'Black Canyon Consulting', 'location': 'Bethesda'}, {'title': 'Work From Home Bilingual Client Services Representative', 'company': 'Global Elite Empire Consultants', 'location': 'San Diego, California'}, {'title': 'Social Media Growth Lead', 'company': 'Black &amp; White Zebra', 'location': ''}, {'title': 'Data Conversion Developer', 'company': 'Grant Street Group', 'location': 'United States (Remote)'}]","[{'title': 'A remarkable finale - but will 13 chaotic minutes cost Man City title?', 'source': 'bbc_sport'}, {'title': 'The family sacrifices that helped Wu become world champion', 'source': 'bbc_sport'}, {'title': ""'Pure theatre puts Hearts on cusp of title fairytale'"", 'source': 'bbc_sport'}, {'title': 'The high-quality relegation battle more like a title race', 'source': 'bbc_sport'}, {'title': ""Man City's title hopes dented despite late Doku stunner in six-goal thriller"", 'source': 'bbc_sport'}]",💼 Job market activity detected | ⚽ High sports engagement,18,moderate_pressure,40
2026-05-05T09:07:51.549055,hourly,Lagos,Nigeria,1370.389777,60,{},"[{'source': 'punch', 'title': 'Olubadan to partner California varsity on Oyo healthcare delivery system'}, {'source': 'punch', 'title': 'Beyonce makes triumphant return to Met Gala after 10 years as co-chair'}, {'source': 'punch', 'title': 'Jonathan pays tribute to Yar’Adua, calls him ‘gentleman president’'}, {'source': 'vanguard', 'title': 'There were signs Obi wouldn’t emerge ADC presidential candidate – Umeh'}, {'source': 'vanguard', 'title': 'NNPC signs MoU for restart, expansion of Warri, PH refineries'}, {'source': 'vanguard', 'title': 'World leaders pressure Iran as ceasefire on brink'}]","[{'title': 'Support Specialist', 'company': 'G-P', 'location': 'India'}, {'title': 'VFX Artist AI Training Vancouver Canada', 'company': 'Prolific Academic Ltd', 'location': 'Vancouver'}, {'title': 'Junior Mid Full Stack Software Engineer', 'company': 'Black Canyon Consulting', 'location': 'Bethesda'}, {'title': 'Work From Home Bilingual Client Services Representative', 'company': 'Global Elite Empire Consultants', 'location': 'San Diego, California'}, {'title': 'Social Media Growth Lead', 'company': 'Black &amp; White Zebra', 'location': ''}]","[{'title': 'A remarkable finale - but will 13 chaotic minutes cost Man City title?', 'source': 'bbc_sport'}, {'title': 'The family sacrifices that helped Wu become world champion', 'source': 'bbc_sport'}, {'title': 'Foden reaches agreement over new Man City deal', 'source': 'bbc_sport'}, {'title': ""What now for Rohl's Rangers as title hopes fade?"", 'source': 'bbc_sport'}, {'title': ""Man City's title hopes dented despite late Doku stunner in six-goal thriller"", 'source': 'bbc_sport'}]",💼 Job market activity detected | ⚽ High sports engagement,15,moderate_pressure,40
2026-05-05T11:16:45.312774,hourly,Lagos,Nigeria,1370.109899,60,{},"[{'source': 'punch', 'title': 'ADC remains strong, united despite Obi, Kwankwaso’s exit — Rivers chair'}, {'source': 'punch', 'title': 'Plateau targets 50,000 digital jobs'}, {'source': 'punch', 'title': 'Join NDC or take blame for opposition failure, Galadima tells Atiku'}, {'source': 'vanguard', 'title': '2027: NNPP adopts consensus, pardons expelled members'}, {'source': 'vanguard', 'title': 'Iran warns US ‘we are just getting started’ after attacks in Strait of Hormuz'}, {'source': 'vanguard', 'title': 'Foden agrees new long-term Man City deal despite dip in form'}]","[{'title': 'Support Specialist', 'company': 'G-P', 'location': 'India'}, {'title': 'VFX Artist AI Training Vancouver Canada', 'company': 'Prolific Academic Ltd', 'location': 'Vancouver'}, {'title': 'Junior Mid Full Stack Software Engineer', 'company': 'Black Canyon Consulting', 'location': 'Bethesda'}, {'title': 'Work From Home Bilingual Client Services Representative', 'company': 'Global Elite Empire Consultants', 'location': 'San Diego, California'}, {'title': 'Social Media Growth Lead', 'company': 'Black &amp; White Zebra', 'location': ''}]","[{'title': 'The family sacrifices that helped Wu become world champion', 'source': 'bbc_sport'}, {'title': 'Foden reaches agreement over new Man City deal', 'source': 'bbc_sport'}, {'title': 'RFU backs Borthwick but flags multiple Six Nations failings', 'source': 'bbc_sport'}, {'title': 'A remarkable finale - but will 13 chaotic minutes cost Man City title?', 'source': 'bbc_sport'}, {'title': ""What now for Rohl's Rangers as title hopes fade?"", 'source': 'bbc_sport'}]",💼 Job market activity detected | ⚽ High sports engagement,15,moderate_pressure,55
2026-05-05T13:59:41.357779,hourly,Lagos,Nigeria,1368.049978,60,{},"[{'source': 'punch', 'title': 'Reps condemn xenophobic attacks on Nigerians in South Africa'}, {'source': 'punch', 'title': 'Police deny shooting UNICROSS protesters, fault viral video'}, {'source': 'punch', 'title': 'Tinubu seeks Senate confirmation of Tegbe as power minister'}, {'source': 'vanguard', 'title': 'France launches one-euro university meals for all students'}, {'source': 'vanguard', 'title': 'I’m staying in ADC despite defections, Rhodes-Vivour declares'}, {'source': 'vanguard', 'title': '2027: Wike reportedly settles for George-Kelly, Chinda as APC, PDP governorship aspirants'}]","[{'title': 'Support Specialist', 'company': 'G-P', 'location': 'India'}, {'title': 'VFX Artist AI Training Vancouver Canada', 'company': 'Prolific Academic Ltd', 'location': 'Vancouver'}, {'title': 'Junior Mid Full Stack Software Engineer', 'company': 'Black Canyon Consulting', 'location': 'Bethesda'}, {'title': 'Work From Home Bilingual Client Services Representative', 'company': 'Global Elite Empire Consultants', 'location': 'San Diego, California'}, {'title': 'Social Media Growth Lead', 'company': 'Black &amp; White Zebra', 'location': ''}]","[{'title': ""How did Guehi 'assist' allow Barry to score when offside?"", 'source': 'bbc_sport'}, {'title': 'The family sacrifices that helped Wu become world champion', 'source': 'bbc_sport'}, {'title': 'Foden reaches agreement over new Man City deal', 'source': 'bbc_sport'}, {'title': 'RFU backs Borthwick but flags multiple Six Nations failings', 'source': 'bbc_sport'}, {'title': 'England selector interviews taking place this week', 'source': 'bbc_sport'}]",💼 Job market activity detected | ⚽ High sports engagement,15,moderate_pressure,55
2026-05-05T15:58:16.254375,hourly,Lagos,Nigeria,1368.119814,97,{},"[{'source': 'punch', 'title': 'Kidnappers abduct 17-year-old FUTO student, police begin search'}, {'source': 'punch', 'title': 'FCT expands cancer care access through new initiatives'}, {'source': 'punch', 'title': 'DisCos lost N8bn revenue in February, says NERC'}, {'source': 'vanguard', 'title': 'Reps move to stabilise jet fuel prices, warn of looming airline collapse'}, {'source': 'vanguard', 'title': 'Court judgment against SERAP is attack on free expression, civic space – Amnesty Int’l'}, {'source': 'vanguard', 'title': 'DSS: Court’s judgment didn’t reflect legal arguments – Adegboruwa, SERAP lawyer'}]","[{'title': 'Support Specialist', 'company': 'G-P', 'location': 'India'}, {'title': 'VFX Artist AI Training Vancouver Canada', 'company': 'Prolific Academic Ltd', 'location': 'Vancouver'}, {'title': 'Junior Mid Full Stack Software Engineer', 'company': 'Black Canyon Consulting', 'location': 'Bethesda'}, {'title': 'Work From Home Bilingual Client Services Representative', 'company': 'Global Elite Empire Consultants', 'location': 'San Diego, California'}, {'title': 'Social Media Growth Lead', 'company': 'Black &amp; White Zebra', 'location': ''}]","[{'title': ""Is Gibbs-White favourite to start as England's number 10 at World Cup?"", 'source': 'bbc_sport'}, {'title': ""Players will boycott a Slam 'at some point' over prize money demands - Sabalenka"", 'source': 'bbc_sport'}, {'title': ""How did Guehi 'assist' allow Barry to score when offside?"", 'source': 'bbc_sport'}, {'title': 'The family sacrifices that helped Wu become world champion', 'source': 'bbc_sport'}, {'title': 'RFU backs Borthwick but flags multiple Six Nations failings', 'source': 'bbc_sport'}]",🌧️ Heavy rainfall risk | ⛽ Fuel-related pressure detected | 💼 Job market activity detected | ⚽ High sports engagement,40,crisis_signal,60
2026-05-05T17:45:06.196836,hourly,Lagos,Nigeria,1368.099323,97,{},"[{'source': 'punch', 'title': 'Obi, Kwakwanso can’t stop Tinubu’s re-election, says ex-Ogun lawmaker'}, {'source': 'punch', 'title': 'FG condoles China over deadly fireworks factory explosion'}, {'source': 'punch', 'title': 'Ogun APC stakeholders back ex-commissioner for Reps'}, {'source': 'vanguard', 'title': 'BBNaija announces return for Season 11'}, {'source': 'vanguard', 'title': 'Trump says he works out ‘one minute a day’ as he restores fitness award'}, {'source': 'vanguard', 'title': 'Delta City Boy Movement pledges 2.7m votes for APC'}]","[{'title': 'Product Marketing Intern', 'company': 'Everlaw', 'location': 'Oakland'}, {'title': 'AI Solutions Manager SMB', 'company': 'Arize AI', 'location': ''}, {'title': 'Product Manager Data Feeds', 'company': 'YipitData', 'location': ''}, {'title': 'Senior Director Fulfillment Operations', 'company': 'ShipBob, Inc.', 'location': 'United States'}, {'title': 'Account Executive SLED', 'company': 'Everpure', 'location': 'Sacramento'}]","[{'title': ""Is Gibbs-White favourite to start as England's number 10 at World Cup?"", 'source': 'bbc_sport'}, {'title': 'Rahm eligible for Ryder Cup after striking tour deal', 'source': 'bbc_sport'}, {'title': 'Everton fan arrested for alleged Semenyo racist abuse', 'source': 'bbc_sport'}, {'title': ""Players will boycott a Slam 'at some point' over prize money demands - Sabalenka"", 'source': 'bbc_sport'}, {'title': ""How did Guehi 'assist' allow Barry to score when offside?"", 'source': 'bbc_sport'}]",🌧️ Heavy rainfall risk | 💼 Job market activity detected | ⚽ High sports engagement,30,crisis_signal,45
2026-05-05T19:24:37.059900,hourly,Lagos,Nigeria,1367.589589,97,{},"[{'source': 'punch', 'title': 'Foundation unveils initiative to lift millions in South West from poverty'}, {'source': 'punch', 'title': 'UAE air defences intercept Iranian missiles, drones'}, {'source': 'punch', 'title': 'Otti approves Abia NOUN study centre, urges Nigerians to embrace distance learning'}, {'source': 'vanguard', 'title': 'WHO tracks 80 passengers after woman dies from hantavirus'}, {'source': 'vanguard', 'title': 'Finance Minister engages local contractor over debt'}, {'source': 'vanguard', 'title': 'PSG won’t defend against Bayern, says Luis Enrique'}]","[{'title': 'Product Marketing Intern', 'company': 'Everlaw', 'location': 'Oakland'}, {'title': 'AI Solutions Manager SMB', 'company': 'Arize AI', 'location': ''}, {'title': 'Product Manager Data Feeds', 'company': 'YipitData', 'location': ''}, {'title': 'Senior Director Fulfillment Operations', 'company': 'ShipBob, Inc.', 'location': 'United States'}, {'title': 'Account Executive SLED', 'company': 'Everpure', 'location': 'Sacramento'}]","[{'title': ""Is Gibbs-White favourite to start as England's number 10 at World Cup?"", 'source': 'bbc_sport'}, {'title': 'Rahm eligible for Ryder Cup after striking tour deal', 'source': 'bbc_sport'}, {'title': ""'In a better place but not 100%' - Raducanu out of Rome as wait for return continues"", 'source': 'bbc_sport'}, {'title': 'Everton fan arrested for alleged Semenyo racist abuse', 'source': 'bbc_sport'}, {'title': 'Sing returns as Red Roses rejig back three against Italy', 'source': 'bbc_sport'}]",🌧️ Heavy rainfall risk | 💼 Job market activity detected | ⚽ High sports engagement,30,crisis_signal,45
2026-05-05T21:05:26.818811,hourly,Lagos,Nigeria,1368.740222,97,{},"[{'source': 'punch', 'title': 'Otti approves feasibility study for proposed Abia seaport'}, {'source': 'punch', 'title': 'ACF, police trade words over Kaduna secretariat as NEC meeting sparks tension'}, {'source': 'punch', 'title': '2027: Abiodun urges APC consensus, offers refund to aspirants'}, {'source': 'vanguard', 'title': 'Saka strikes Arsenal into Champions League final'}, {'source': 'vanguard', 'title': 'Meta expands AI-powered age assurance measures to protect teens online'}, {'source': 'vanguard', 'title': 'After two terms, five APC Govs turn eyes to Senate'}]","[{'title': 'Product Marketing Intern', 'company': 'Everlaw', 'location': 'Oakland'}, {'title': 'AI Solutions Manager SMB', 'company': 'Arize AI', 'location': ''}, {'title': 'Product Manager Data Feeds', 'company': 'YipitData', 'location': ''}, {'title': 'Senior Director Fulfillment Operations', 'company': 'ShipBob, Inc.', 'location': 'United States'}, {'title': 'Account Executive SLED', 'company': 'Everpure', 'location': 'Sacramento'}]","[{'title': ""Is Gibbs-White favourite to start as England's number 10 at World Cup?"", 'source': 'bbc_sport'}, {'title': 'Rahm eligible for Ryder Cup after striking tour deal', 'source': 'bbc_sport'}, {'title': ""'In a better place but not 100%' - Raducanu out of Rome as wait for return continues"", 'source': 'bbc_sport'}, {'title': 'Everton fan arrested for alleged Semenyo racist abuse', 'source': 'bbc_sport'}, {'title': 'Sing returns as Red Roses rejig back three against Italy', 'source': 'bbc_sport'}]",🌧️ Heavy rainfall risk | 💼 Job market activity detected | ⚽ High sports engagement,30,crisis_signal,45
2026-05-05T22:57:37.659328,hourly,Lagos,Nigeria,1367.159635,97,"{'fuel price Nigeria': 0, 'dollar rate Nigeria': 0, 'food price Nigeria': 0, 'jobs in Nigeria': 0, 'isPartial': True}","[{'source': 'punch', 'title': 'UCL: Arsenal beat Atletico Madrid to reach Champions League final'}, {'source': 'punch', 'title': 'Otti approves feasibility study for proposed Abia seaport'}, {'source': 'punch', 'title': 'ACF, police trade words over Kaduna secretariat as NEC meeting sparks tension'}, {'source': 'vanguard', 'title': 'Countdown to FIFA World Cup: Can Haiti survive another group of death?'}, {'source': 'vanguard', 'title': 'US hotel bookings lag far behind expectations ahead of World Cup'}, {'source': 'vanguard', 'title': 'Teen shooter kills two at Brazil school'}]","[{'title': 'Product Marketing Intern', 'company': 'Everlaw', 'location': 'Oakland'}, {'title': 'AI Solutions Manager SMB', 'company': 'Arize AI', 'location': ''}, {'title': 'Product Manager Data Feeds', 'company': 'YipitData', 'location': ''}, {'title': 'Senior Director Fulfillment Operations', 'company': 'ShipBob, Inc.', 'location': 'United States'}, {'title': 'Account Executive SLED', 'company': 'Everpure', 'location': 'Sacramento'}]","[{'title': ""Is Gibbs-White favourite to start as England's number 10 at World Cup?"", 'source': 'bbc_sport'}, {'title': 'Rahm eligible for Ryder Cup after striking tour deal', 'source': 'bbc_sport'}, {'title': ""'In a better place but not 100%' - Raducanu out of Rome as wait for return continues"", 'source': 'bbc_sport'}, {'title': 'Everton fan arrested for alleged Semenyo racist abuse', 'source': 'bbc_sport'}, {'title': 'Sing returns as Red Roses rejig back three against Italy', 'source': 'bbc_sport'}]",🌧️ Heavy rainfall risk | 💼 Job market activity detected | ⚽ High sports engagement,33,crisis_signal,45
2026-05-05T23:57:02.842057,hourly,Lagos,Nigeria,1367.160011,64,"{'fuel price Nigeria': 0, 'dollar rate Nigeria': 0, 'food price Nigeria': 0, 'jobs in Nigeria': 100, 'isPartial': True}","[{'source': 'punch', 'title': 'Customs nab 71-year-old with N2.35bn cocaine haul'}, {'source': 'punch', 'title': 'Iran creates authority to control Strait of Hormuz'}, {'source': 'punch', 'title': 'Why we must revive FESTAC ’77 now — Abioye, festival chair'}, {'source': 'vanguard', 'title': 'ADC/NDC: Fractured opposition, forgotten masses'}, {'source': 'vanguard', 'title': 'Experts advocate digital twins to tackle power, cost challenges in data centres'}, {'source': 'vanguard', 'title': 'Countdown to 2026 FIFA World Cup: Like 2002, Turkey young talents ready to take charge'}]","[{'title': 'Product Marketing Intern', 'company': 'Everlaw', 'location': 'Oakland'}, {'title': 'AI Solutions Manager SMB', 'company': 'Arize AI', 'location': ''}, {'title': 'Product Manager Data Feeds', 'company': 'YipitData', 'location': ''}, {'title': 'Senior Director Fulfillment Operations', 'company': 'ShipBob, Inc.', 'location': 'United States'}, {'title': 'Account Executive SLED', 'company': 'Everpure', 'location': 'Sacramento'}]","[{'title': ""The league is the dream - but is this Arsenal's moment in Europe?"", 'source': 'bbc_sport'}, {'title': ""Is Gibbs-White favourite to start as England's number 10 at World Cup?"", 'source': 'bbc_sport'}, {'title': 'Rahm eligible for Ryder Cup after striking tour deal', 'source': 'bbc_sport'}, {'title': ""'In a better place but not 100%' - Raducanu out of Rome as wait for return continues"", 'source': 'bbc_sport'}, {'title': 'Everton fan arrested for alleged Semenyo racist abuse', 'source': 'bbc_sport'}]",🌧️ Heavy rainfall risk | 💼 Job market activity detected | ⚽ High sports engagement,36,crisis_signal,40
2026-05-06T03:47:01.948247,hourly,Lagos,Nigeria,1365.900789,74,{},"[{'source': 'punch', 'title': 'Egbunike backs Ogazi for more records'}, {'source': 'punch', 'title': 'Okezie ready for African Championships'}, {'source': 'punch', 'title': 'Gunners end Lookman’s UCL dream'}, {'source': 'vanguard', 'title': '2027: Wike settles for George-Kelly, Chinda as APC,\xa0PDP guber aspirants\xa0—Source'}, {'source': 'vanguard', 'title': 'FG steps up diplomatic push to reverse Nigeria’s ‘Country of Particular Concern’ designation'}, {'source': 'vanguard', 'title': 'Naira rises to N1,382/$ in parallel market'}]","[{'title': 'Child and Adolescent Intake Therapist', 'company': 'Blackbird Health', 'location': ''}, {'title': 'Customer Success Manager', 'company': 'Avero', 'location': 'Las Vegas, NV'}, {'title': 'Recruiter', 'company': 'Airship', 'location': 'Remote - U.S.'}, {'title': 'Lead AI Engineer & Technical Architect', 'company': 'Bold Business', 'location': 'India, Latin America, Philippines'}, {'title': 'Outside Sales Consultant Account Executive', 'company': 'Follett Software, LLC', 'location': ''}]","[{'title': ""The league is the dream - but is this Arsenal's moment in Europe?"", 'source': 'bbc_sport'}, {'title': ""Is Gibbs-White favourite to start as England's number 10 at World Cup?"", 'source': 'bbc_sport'}, {'title': 'Rahm eligible for Ryder Cup after striking tour deal', 'source': 'bbc_sport'}, {'title': ""'In a better place but not 100%' - Raducanu out of Rome as wait for return continues"", 'source': 'bbc_sport'}, {'title': 'Everton fan arrested for alleged Semenyo racist abuse', 'source': 'bbc_sport'}]",🌧️ Heavy rainfall risk | 💼 Job market activity detected | ⚽ High sports engagement,30,crisis_signal,45
2026-05-06T06:31:07.556793,hourly,Lagos,Nigeria,1365.770245,74,{},"[{'source': 'punch', 'title': 'Infantino defends World Cup ticket prices'}, {'source': 'punch', 'title': 'Abia gov confident of second term'}, {'source': 'punch', 'title': 'Ex-gov Lamido’s son picks Jigawa PDP governorship form'}, {'source': 'vanguard', 'title': 'Xenophobia: Enugu Ex-lawmakers petition Ramaphosa, threaten ICC action'}, {'source': 'vanguard', 'title': 'How Customs CG is facilitating trade, boosting business in the South-East of Nigeria'}, {'source': 'vanguard', 'title': 'Dangote Cement grows exports by 71.6% as capacity hits 55MTA'}]","[{'title': 'Child and Adolescent Intake Therapist', 'company': 'Blackbird Health', 'location': ''}, {'title': 'Customer Success Manager', 'company': 'Avero', 'location': 'Las Vegas, NV'}, {'title': 'Recruiter', 'company': 'Airship', 'location': 'Remote - U.S.'}, {'title': 'Lead AI Engineer & Technical Architect', 'company': 'Bold Business', 'location': 'India, Latin America, Philippines'}, {'title': 'Outside Sales Consultant Account Executive', 'company': 'Follett Software, LLC', 'location': ''}]","[{'title': ""The league is the dream - but is this Arsenal's moment in Europe?"", 'source': 'bbc_sport'}, {'title': ""Smaller balls for women's rugby 'worst decision ever'"", 'source': 'bbc_sport'}, {'title': ""Where do Bayern's prolific trio rank in greatest front threes ever?"", 'source': 'bbc_sport'}, {'title': 'Nijman emulates Van Gerwen with fifth title in a year', 'source': 'bbc_sport'}, {'title': 'Players will boycott a Slam at some point - Sabalenka', 'source': 'bbc_sport'}]",🌧️ Heavy rainfall risk | 💼 Job market activity detected | ⚽ High sports engagement,30,crisis_signal,45
2026-05-06T09:24:38.246949,hourly,Lagos,Nigeria,1364.82006,74,{},"[{'source': 'punch', 'title': 'Casemiro rules out Man Utd contract renewal, confirms exit'}, {'source': 'punch', 'title': 'Reps deputy spokesman backs Oyedele to fix capital projects delays'}, {'source': 'punch', 'title': 'Army armour school unveils tactics, crew courses to boost troop skills'}, {'source': 'vanguard', 'title': 'Military debunks poor feeding claims in North-east'}, {'source': 'vanguard', 'title': 'Nigerian newspapers review: [2027] Citing crises, 19 NASS members defect to NDC'}, {'source': 'vanguard', 'title': 'Human-to-human hantavirus strain confirmed in cruise passenger'}]","[{'title': 'Business Analyst', 'company': 'Contact Government Services, LLC', 'location': ''}, {'title': 'Online Hotel Reservationist Fully', 'company': 'Careers In Travel | Destination Planners', 'location': 'Florida'}, {'title': 'Product Delivery Coordinator', 'company': 'New Era Technology', 'location': ''}, {'title': 'Child and Adolescent Intake Therapist', 'company': 'Blackbird Health', 'location': ''}, {'title': 'Customer Success Manager', 'company': 'Avero', 'location': 'Las Vegas, NV'}]","[{'title': ""The league is the dream - but is this Arsenal's moment in Europe?"", 'source': 'bbc_sport'}, {'title': ""Smaller balls for women's rugby 'worst decision ever'"", 'source': 'bbc_sport'}, {'title': ""Where do Bayern's prolific trio rank in greatest front threes ever?"", 'source': 'bbc_sport'}, {'title': 'DeChambeau to focus on YouTube if LIV Golf fails', 'source': 'bbc_sport'}, {'title': 'Chelsea owners face moment of reckoning amid fan backlash', 'source': 'bbc_sport'}]",🌧️ Heavy rainfall risk | 💼 Job market activity detected | ⚽ High sports engagement,30,crisis_signal,45
2026-05-06T11:49:38.941918,hourly,Lagos,Nigeria,1361.28009,74,{},"[{'source': 'punch', 'title': 'Court stops NBC from sanctioning broadcast stations'}, {'source': 'punch', 'title': '14-year-old wins inaugural golf tournament, beats 170 players in Ogun'}, {'source': 'punch', 'title': 'Wike slams Fubara for prioritising 2027 ambition over budget presentation'}, {'source': 'vanguard', 'title': 'Simeone casts doubts on Atletico future after UCL defeat by Arsenal'}, {'source': 'vanguard', 'title': '‘Live modestly, save money’ — NYSC DG advises corps members'}, {'source': 'vanguard', 'title': 'Wike dares Turaki’s PDP faction: ‘Open a secretariat, bank account, I’ll seal it’'}]","[{'title': 'Business Analyst', 'company': 'Contact Government Services, LLC', 'location': ''}, {'title': 'Online Hotel Reservationist Fully', 'company': 'Careers In Travel | Destination Planners', 'location': 'Florida'}, {'title': 'Product Delivery Coordinator', 'company': 'New Era Technology', 'location': ''}, {'title': 'Child and Adolescent Intake Therapist', 'company': 'Blackbird Health', 'location': ''}, {'title': 'Customer Success Manager', 'company': 'Avero', 'location': 'Las Vegas, NV'}]","[{'title': ""Was Arsenal ecstasy justified or a 'bit too much'?"", 'source': 'bbc_sport'}, {'title': ""Smaller balls for women's rugby 'worst decision ever'"", 'source': 'bbc_sport'}, {'title': 'DeChambeau to focus on YouTube if LIV Golf fails', 'source': 'bbc_sport'}, {'title': ""Where do Bayern's prolific trio rank in greatest front threes ever?"", 'source': 'bbc_sport'}, {'title': 'Chelsea owners face moment of reckoning amid fan backlash', 'source': 'bbc_sport'}]",🌧️ Heavy rainfall risk | 💼 Job market activity detected | ⚽ High sports engagement,30,crisis_signal,45
2026-05-06T14:19:38.426077,hourly,Lagos,Nigeria,1361.599729,68,"{'fuel price Nigeria': 0, 'dollar rate Nigeria': 0, 'food price Nigeria': 0, 'jobs in Nigeria': 0, 'isPartial': True}","[{'source': 'punch', 'title': 'Dangote reverses petrol price from N1,350 to N1,275'}, {'source': 'punch', 'title': '2027: PDP chieftain picks Plateau gov nomination forms'}, {'source': 'punch', 'title': '2027: Wadada seeks forgiveness, support ahead of Nasarawa gov race'}, {'source': 'vanguard', 'title': 'Telecom subscriptions hit 179.6m as internet users rise to 148.2m in Q4 2025'}, {'source': 'vanguard', 'title': '‘I won’t stop performing even if I work for govt’ – Davido'}, {'source': 'vanguard', 'title': 'Nigeria police extradite Chinese suspect in $245 million fraud case'}]","[{'title': 'Business Analyst', 'company': 'Contact Government Services, LLC', 'location': ''}, {'title': 'Online Hotel Reservationist Fully', 'company': 'Careers In Travel | Destination Planners', 'location': 'Florida'}, {'title': 'Product Delivery Coordinator', 'company': 'New Era Technology', 'location': ''}, {'title': 'Child and Adolescent Intake Therapist', 'company': 'Blackbird Health', 'location': ''}, {'title': 'Customer Success Manager', 'company': 'Avero', 'location': 'Las Vegas, NV'}]","[{'title': ""Was Arsenal ecstasy justified or a 'bit too much'?"", 'source': 'bbc_sport'}, {'title': 'Wait to name England selector ridiculous - Vaughan', 'source': 'bbc_sport'}, {'title': ""Smaller balls for women's rugby 'worst decision ever'"", 'source': 'bbc_sport'}, {'title': 'DeChambeau to focus on YouTube if LIV Golf fails', 'source': 'bbc_sport'}, {'title': ""Where do Bayern's prolific trio rank in greatest front threes ever?"", 'source': 'bbc_sport'}]",🌧️ Heavy rainfall risk | 💼 Job market activity detected | ⚽ High sports engagement,33,crisis_signal,40
2026-05-06T16:43:02.919507,hourly,Lagos,Nigeria,1362.049938,100,{},"[{'source': 'punch', 'title': 'JUST IN: Senate confirms Enikanolaiye, Tegbe as ministers'}, {'source': 'punch', 'title': 'VIDEO: Davido backs Adeleke’s re-election, joins campaign mobilisation in Osun'}, {'source': 'punch', 'title': 'Insecurity threatens credible elections, says INEC chair'}, {'source': 'vanguard', 'title': '2026 World Cup: ‘Our host is FIFA, not Trump or America’– Iran'}, {'source': 'vanguard', 'title': 'Senate confirms Tegbe as power minister'}, {'source': 'vanguard', 'title': 'South Africa is not xenophobic – Ramaphosa tells African countries'}]","[{'title': 'UI Developer', 'company': 'RainFocus', 'location': 'Lehi, Utah'}, {'title': 'Software Development Engineer Backend', 'company': 'HighLevel', 'location': 'India'}, {'title': 'Change & Continuous Improvement Partner Wealth', 'company': 'Monzo', 'location': ''}, {'title': 'Software Engineer II', 'company': 'Precision AQ', 'location': 'India'}, {'title': 'Staff Accountant', 'company': 'CyberSheath', 'location': 'United States'}]","[{'title': ""Was Arsenal ecstasy justified or a 'bit too much'?"", 'source': 'bbc_sport'}, {'title': ""Injury row, yacht trip & petition - what's going on with Mbappe?"", 'source': 'bbc_sport'}, {'title': 'Wait to name England selector ridiculous - Vaughan', 'source': 'bbc_sport'}, {'title': ""Smaller balls for women's rugby 'worst decision ever'"", 'source': 'bbc_sport'}, {'title': 'DeChambeau to focus on YouTube if LIV Golf fails', 'source': 'bbc_sport'}]",🌧️ Heavy rainfall risk | 🚨 Security concerns detected | 💼 Job market activity detected | ⚽ High sports engagement,40,crisis_signal,60
2026-05-06T18:18:39.252909,hourly,Lagos,Nigeria,1361.999701,100,{},"[{'source': 'punch', 'title': 'VIDEO: Peter Obi afraid of free, fair primary elections — Kenneth Okonkwo'}, {'source': 'punch', 'title': 'Hajj: 374 Kwara pilgrims depart for Saudi Arabia'}, {'source': 'punch', 'title': 'EPL: Arsenal to offer Arteta new contract'}, {'source': 'vanguard', 'title': 'Man, 27, bags life imprisonment for raping 13-year-old girl in Calabar'}, {'source': 'vanguard', 'title': '‘People do not eat GDP’, ADC tells FG'}, {'source': 'vanguard', 'title': 'Court restrains NBC from threatening broadcasters'}]","[{'title': 'UI Developer', 'company': 'RainFocus', 'location': 'Lehi, Utah'}, {'title': 'Software Development Engineer Backend', 'company': 'HighLevel', 'location': 'India'}, {'title': 'Change & Continuous Improvement Partner Wealth', 'company': 'Monzo', 'location': ''}, {'title': 'Software Engineer II', 'company': 'Precision AQ', 'location': 'India'}, {'title': 'Staff Accountant', 'company': 'CyberSheath', 'location': 'United States'}]","[{'title': ""Injury row, yacht trip & petition - what's going on with Mbappe?"", 'source': 'bbc_sport'}, {'title': 'Celtic could win double - but is change inevitable?', 'source': 'bbc_sport'}, {'title': ""Was Arsenal ecstasy justified or a 'bit too much'?"", 'source': 'bbc_sport'}, {'title': 'Wait to name England selector ridiculous - Vaughan', 'source': 'bbc_sport'}, {'title': ""Fifa impose worldwide ban on Benfica's Prestianni"", 'source': 'bbc_sport'}]",🌧️ Heavy rainfall risk | 💼 Job market activity detected | ⚽ High sports engagement,30,crisis_signal,45
2026-05-06T20:25:24.746046,hourly,Lagos,Nigeria,1360.530192,100,{},"[{'source': 'punch', 'title': 'NACA picks Anambra as pilot state for HIV prevention plan'}, {'source': 'punch', 'title': 'Accord Party backs Abia gov for second term, assures alliance'}, {'source': 'punch', 'title': 'Wike issues ultimatum to contractors ahead of Tinubu’s third anniversary'}, {'source': 'vanguard', 'title': '‘I’m starting my masters’s degree in political science next year’ – Davido'}, {'source': 'vanguard', 'title': 'FG begins Carter Bridge rebuild, sets 36-month timeline'}, {'source': 'vanguard', 'title': 'Prices of beans, eggs, garri, others rise monthly despite annual decline — NBS'}]","[{'title': 'UI Developer', 'company': 'RainFocus', 'location': 'Lehi, Utah'}, {'title': 'Software Development Engineer Backend', 'company': 'HighLevel', 'location': 'India'}, {'title': 'Change & Continuous Improvement Partner Wealth', 'company': 'Monzo', 'location': ''}, {'title': 'Software Engineer II', 'company': 'Precision AQ', 'location': 'India'}, {'title': 'Staff Accountant', 'company': 'CyberSheath', 'location': 'United States'}]","[{'title': 'Why was Neves handball against Bayern not a penalty?', 'source': 'bbc_sport'}, {'title': ""Injury row, yacht trip & petition - what's going on with Mbappe?"", 'source': 'bbc_sport'}, {'title': 'Celtic could win double - but is change inevitable?', 'source': 'bbc_sport'}, {'title': 'Neymar apologises for slapping teenager Robinho Jr', 'source': 'bbc_sport'}, {'title': 'Wait to name England selector ridiculous - Vaughan', 'source': 'bbc_sport'}]",🌧️ Heavy rainfall risk | 💼 Job market activity detected | ⚽ High sports engagement,30,crisis_signal,45
2026-05-06T21:59:17.722625,hourly,Lagos,Nigeria,1362.560453,100,{},"[{'source': 'punch', 'title': 'Hold me responsible if grid collapse continues — Power minister'}, {'source': 'punch', 'title': 'Amnesty faults deadly Kano attack'}, {'source': 'punch', 'title': 'Senate says Tinubu will sign bill raising health fund to 2% CRF'}, {'source': 'vanguard', 'title': 'Champions League Final: Arsenal vs PSG — date, time, venue'}, {'source': 'vanguard', 'title': '‘They deceived us; but I made money’ — Women trafficked to Ivory Coast for prostitution'}, {'source': 'vanguard', 'title': 'PSG reach Champions League final after 1-1 draw at Bayern'}]","[{'title': 'UI Developer', 'company': 'RainFocus', 'location': 'Lehi, Utah'}, {'title': 'Software Development Engineer Backend', 'company': 'HighLevel', 'location': 'India'}, {'title': 'Change & Continuous Improvement Partner Wealth', 'company': 'Monzo', 'location': ''}, {'title': 'Software Engineer II', 'company': 'Precision AQ', 'location': 'India'}, {'title': 'Staff Accountant', 'company': 'CyberSheath', 'location': 'United States'}]","[{'title': 'Why was Neves handball against Bayern not a penalty?', 'source': 'bbc_sport'}, {'title': ""Inside Man City's WSL title-winning season"", 'source': 'bbc_sport'}, {'title': 'Late Bayern pressure not enough as PSG return to Champions League final', 'source': 'bbc_sport'}, {'title': ""Injury row, yacht trip & petition - what's going on with Mbappe?"", 'source': 'bbc_sport'}, {'title': 'Celtic could win double - but is change inevitable?', 'source': 'bbc_sport'}]",🌧️ Heavy rainfall risk | 💼 Job market activity detected | ⚽ High sports engagement,30,crisis_signal,60
2026-05-06T22:59:56.238196,hourly,Lagos,Nigeria,1361.990278,100,"{'fuel price Nigeria': 0, 'dollar rate Nigeria': 0, 'food price Nigeria': 0, 'jobs in Nigeria': 0, 'isPartial': True}","[{'source': 'punch', 'title': 'PSG secure back to back UCL final with 1-1 draw at Munich'}, {'source': 'punch', 'title': 'NWFL season concludes with Osun, Sunshine relegation'}, {'source': 'punch', 'title': 'Police kill two kidnappers, arrest one in Abuja'}, {'source': 'vanguard', 'title': 'WHO says hantavirus case was not caught on ship'}, {'source': 'vanguard', 'title': 'Champions League top scorers ahead of final'}, {'source': 'vanguard', 'title': 'Champions League Final: Arsenal vs PSG — date, time, venue'}]","[{'title': 'UI Developer', 'company': 'RainFocus', 'location': 'Lehi, Utah'}, {'title': 'Software Development Engineer Backend', 'company': 'HighLevel', 'location': 'India'}, {'title': 'Change & Continuous Improvement Partner Wealth', 'company': 'Monzo', 'location': ''}, {'title': 'Software Engineer II', 'company': 'Precision AQ', 'location': 'India'}, {'title': 'Staff Accountant', 'company': 'CyberSheath', 'location': 'United States'}]","[{'title': 'From ego-ridden team to complete package - why PSG pose ultimate test', 'source': 'bbc_sport'}, {'title': 'Why resolute Arsenal will believe prolific PSG can be beaten in final', 'source': 'bbc_sport'}, {'title': ""Inside Man City's WSL title-winning season"", 'source': 'bbc_sport'}, {'title': 'Late Bayern pressure not enough as PSG return to Champions League final', 'source': 'bbc_sport'}, {'title': ""Injury row, yacht trip & petition - what's going on with Mbappe?"", 'source': 'bbc_sport'}]",🌧️ Heavy rainfall risk | 💼 Job market activity detected | ⚽ High sports engagement,33,crisis_signal,45
2026-05-06T23:59:23.211948,hourly,Lagos,Nigeria,1361.989883,84,"{'fuel price Nigeria': 0, 'dollar rate Nigeria': 0, 'food price Nigeria': 0, 'jobs in Nigeria': 0, 'isPartial': True}","[{'source': 'punch', 'title': '2027 won’t distract governance, says Otti'}, {'source': 'punch', 'title': 'I won’t leave ADC despite Obi’s defection – Ihedioha'}, {'source': 'punch', 'title': '2027: Nasarawa gov’s anointed successor Wadada seeks APC unity'}, {'source': 'vanguard', 'title': 'Ivory Coast dissolves election body criticised by the opposition'}, {'source': 'vanguard', 'title': 'WHO says hantavirus case was not caught on ship'}, {'source': 'vanguard', 'title': 'Champions League top scorers ahead of final'}]","[{'title': 'UI Developer', 'company': 'RainFocus', 'location': 'Lehi, Utah'}, {'title': 'Software Development Engineer Backend', 'company': 'HighLevel', 'location': 'India'}, {'title': 'Change & Continuous Improvement Partner Wealth', 'company': 'Monzo', 'location': ''}, {'title': 'Software Engineer II', 'company': 'Precision AQ', 'location': 'India'}, {'title': 'Staff Accountant', 'company': 'CyberSheath', 'location': 'United States'}]","[{'title': 'From ego-ridden team to complete package - why PSG pose ultimate test', 'source': 'bbc_sport'}, {'title': 'Why resolute Arsenal will believe prolific PSG can be beaten in final', 'source': 'bbc_sport'}, {'title': ""Inside Man City's WSL title-winning season"", 'source': 'bbc_sport'}, {'title': 'Late Bayern pressure not enough as PSG return to Champions League final', 'source': 'bbc_sport'}, {'title': ""Injury row, yacht trip & petition - what's going on with Mbappe?"", 'source': 'bbc_sport'}]",🌧️ Heavy rainfall risk | 💼 Job market activity detected | ⚽ High sports engagement,33,crisis_signal,45
2026-05-07T03:56:43.102948,hourly,Lagos,Nigeria,1360.530109,88,{},"[{'source': 'punch', 'title': 'Suspected Ondo kidnapper nabbed after victim pushed from moving vehicle'}, {'source': 'punch', 'title': 'Hantavirus scare triggers fresh COVID-style measures'}, {'source': 'punch', 'title': 'Court frees man after 10 years in custody without conviction'}, {'source': 'vanguard', 'title': 'Police nab Bayelsa sender of gun that led to Oghenemine’s killing by Delta officer'}, {'source': 'vanguard', 'title': 'Ivory Coast dissolves election body criticised by the opposition'}, {'source': 'vanguard', 'title': 'WHO says hantavirus case was not caught on ship'}]","[{'title': 'Senior Software Engineer', 'company': 'Prove', 'location': 'United States'}, {'title': 'Technical Writer & Product Engineer', 'company': 'Thermal Works', 'location': 'United States'}, {'title': 'Lead Instructor Aerospace Technician', 'company': 'Correlation One', 'location': 'Remote'}, {'title': 'Senior Backend Engineer', 'company': 'Akuity', 'location': ''}, {'title': 'Marketing Manager Activation New York', 'company': 'Curaleaf', 'location': 'New York'}]","[{'title': 'From ego-ridden team to complete package - why PSG pose ultimate test', 'source': 'bbc_sport'}, {'title': 'Why resolute Arsenal will believe prolific PSG can be beaten in final', 'source': 'bbc_sport'}, {'title': ""Inside Man City's WSL title-winning season"", 'source': 'bbc_sport'}, {'title': 'Late Bayern pressure not enough as PSG return to Champions League final', 'source': 'bbc_sport'}, {'title': ""Injury row, yacht trip & petition - what's going on with Mbappe?"", 'source': 'bbc_sport'}]",🌧️ Heavy rainfall risk | 💼 Job market activity detected | ⚽ High sports engagement,30,crisis_signal,45
2026-05-07T06:43:15.402062,hourly,Lagos,Nigeria,1360.530451,88,{},"[{'source': 'punch', 'title': 'Otti pledges to keep security as top priority in Abia'}, {'source': 'punch', 'title': 'Police probe officers caught with firearms in C’River'}, {'source': 'punch', 'title': '2027: A’Ibom gov submits APC nomination form, seeks party support'}, {'source': 'vanguard', 'title': 'Electricity workers face threats as system crumbles, Labour laments'}, {'source': 'vanguard', 'title': 'Dollar to Naira exchange rate today, May 7, 2026'}, {'source': 'vanguard', 'title': '2027: Tinubu’s team to deploy ‘visible’ projects as campaign tool'}]","[{'title': 'Senior Software Engineer', 'company': 'Prove', 'location': 'United States'}, {'title': 'Technical Writer & Product Engineer', 'company': 'Thermal Works', 'location': 'United States'}, {'title': 'Lead Instructor Aerospace Technician', 'company': 'Correlation One', 'location': 'Remote'}, {'title': 'Senior Backend Engineer', 'company': 'Akuity', 'location': ''}, {'title': 'Marketing Manager Activation New York', 'company': 'Curaleaf', 'location': 'New York'}]","[{'title': 'From ego-ridden team to complete package - why PSG pose ultimate test', 'source': 'bbc_sport'}, {'title': ""Inside Man City's WSL title-winning season"", 'source': 'bbc_sport'}, {'title': 'Late Bayern pressure not enough as PSG return to Champions League final', 'source': 'bbc_sport'}, {'title': ""Villa's nearly men entering their defining moment"", 'source': 'bbc_sport'}, {'title': 'Why resolute Arsenal will believe prolific PSG can be beaten in final', 'source': 'bbc_sport'}]",🌧️ Heavy rainfall risk | 🚨 Security concerns detected | 💼 Job market activity detected | ⚽ High sports engagement,40,crisis_signal,60
2026-05-07T09:34:47.971191,hourly,Lagos,Nigeria,,88,{},"[{'source': 'punch', 'title': 'Soldiers should not be on social media, Army general warns'}, {'source': 'punch', 'title': 'French trade deficit swells to €6.9bn over Middle East conflict'}, {'source': 'punch', 'title': 'Germany defender Niklas Süle to retire from football at 30'}, {'source': 'vanguard', 'title': 'Israeli army probe soldier seen desecrating Virgin Mary statue in Lebanon'}, {'source': 'vanguard', 'title': 'Troops rescue nine kidnapped victims in Kogi'}, {'source': 'vanguard', 'title': 'Cartoon: Add ‘Bandits Allowance’ to next budget'}]","[{'title': 'Senior Veritas eDiscovery Platform Engineer', 'company': 'Contact Government Services, LLC', 'location': ''}, {'title': 'Marketing & Business Development Operator', 'company': 'Scale Virtually', 'location': ''}, {'title': 'Senior Software Engineer', 'company': 'Prove', 'location': 'United States'}, {'title': 'Technical Writer & Product Engineer', 'company': 'Thermal Works', 'location': 'United States'}, {'title': 'Lead Instructor Aerospace Technician', 'company': 'Correlation One', 'location': 'Remote'}]","[{'title': 'From ego-ridden team to complete package - why PSG pose ultimate test', 'source': 'bbc_sport'}, {'title': 'The AI fitness instructors selling unreal gains', 'source': 'bbc_sport'}, {'title': ""Did PSG 'get away' with handball decisions?"", 'source': 'bbc_sport'}, {'title': 'Liverpool reduce planned rise in ticket prices', 'source': 'bbc_sport'}, {'title': ""Villa's Staniforth 'at ease' with decision to retire"", 'source': 'bbc_sport'}]",🌧️ Heavy rainfall risk | 💼 Job market activity detected | ⚽ High sports engagement,15,moderate_pressure,30
2026-05-07T11:49:26.975404,hourly,Lagos,Nigeria,,88,{},"[{'source': 'punch', 'title': 'UCL: No team is better than PSG — Luis Enrique'}, {'source': 'punch', 'title': 'Court convicts ex-power minister Mamman for money laundering'}, {'source': 'punch', 'title': 'I’ll consult widely on 2027 presidency – Jonathan'}, {'source': 'vanguard', 'title': 'Kaduna lawmaker dumps PDP for ADC'}, {'source': 'vanguard', 'title': 'Police foil truck hijack, recover rifle in Ogun'}, {'source': 'vanguard', 'title': 'NDLEA, US DEA smash global drug laundering syndicate, arrest kingpins'}]","[{'title': 'Senior Veritas eDiscovery Platform Engineer', 'company': 'Contact Government Services, LLC', 'location': ''}, {'title': 'Marketing & Business Development Operator', 'company': 'Scale Virtually', 'location': ''}, {'title': 'Senior Software Engineer', 'company': 'Prove', 'location': 'United States'}, {'title': 'Technical Writer & Product Engineer', 'company': 'Thermal Works', 'location': 'United States'}, {'title': 'Lead Instructor Aerospace Technician', 'company': 'Correlation One', 'location': 'Remote'}]","[{'title': 'Australian North set to be England selector', 'source': 'bbc_sport'}, {'title': 'From ego-ridden team to complete package - why PSG pose ultimate test', 'source': 'bbc_sport'}, {'title': ""Villa's nearly men entering their defining moment"", 'source': 'bbc_sport'}, {'title': 'Liverpool reduce planned rise in ticket prices', 'source': 'bbc_sport'}, {'title': ""Did PSG 'get away' with handball decisions?"", 'source': 'bbc_sport'}]",🌧️ Heavy rainfall risk | 💼 Job market activity detected | ⚽ High sports engagement,15,moderate_pressure,30
2026-05-07T14:15:05.380259,hourly,Lagos,Nigeria,,63,{},"[{'source': 'punch', 'title': 'Reps set up panel to probe debts owed FG'}, {'source': 'punch', 'title': '12.3 million Nigerians linked to social register through NIN says NASSCO'}, {'source': 'punch', 'title': 'Reps to tighten alcohol regulation, seek national control framework'}, {'source': 'vanguard', 'title': 'Full list of teams that have won Champions League back-to-back'}, {'source': 'vanguard', 'title': 'Senate makes U-turn on 8-year eligibility for presidency contest'}, {'source': 'vanguard', 'title': 'Iran’s President Pezeshkian says met supreme leader Khamenei'}]","[{'title': 'Customer Success Representative', 'company': 'Subbly', 'location': ''}, {'title': 'Mid Senior AI Cinematic Video Editor', 'company': 'EverAI', 'location': ''}, {'title': 'Senior Veritas eDiscovery Platform Engineer', 'company': 'Contact Government Services, LLC', 'location': ''}, {'title': 'Marketing & Business Development Operator', 'company': 'Scale Virtually', 'location': ''}, {'title': 'Senior Software Engineer', 'company': 'Prove', 'location': 'United States'}]","[{'title': 'Australian North set to be England selector', 'source': 'bbc_sport'}, {'title': ""Villa's nearly men entering their defining moment"", 'source': 'bbc_sport'}, {'title': ""Did PSG 'get away' with handball decisions?"", 'source': 'bbc_sport'}, {'title': 'Shaw likely to leave WSL champions Man City', 'source': 'bbc_sport'}, {'title': 'No party before Dubois faces Wardley - Charles', 'source': 'bbc_sport'}]",🌧️ Heavy rainfall risk | 💼 Job market activity detected | ⚽ High sports engagement,15,moderate_pressure,25
2026-05-07T16:52:29.628076,hourly,Lagos,Nigeria,,61,{},"[{'source': 'punch', 'title': 'Madrid head into Clasico amid Mbappe criticism, dressing room chaos'}, {'source': 'punch', 'title': 'Police bust illegal security outfit, arrest five in Rivers'}, {'source': 'punch', 'title': 'Police kill suspect, arrest two in foiled Oyo robbery'}, {'source': 'vanguard', 'title': 'Yahaya Bello: Court fixes June 15 for ruling on admissibility of witness statement'}, {'source': 'vanguard', 'title': 'Senate passes N2.2trn FCT 2026 budget'}, {'source': 'vanguard', 'title': 'ADC alleges plot to remove judge from Nafiu Bala case'}]","[{'title': 'Business Analyst Pleno', 'company': 'Stone', 'location': 'Remoto'}, {'title': 'Online Hotel Reservations Specialist Customer Support', 'company': 'Careers In Travel | Destination Planners', 'location': 'New York'}, {'title': 'Principal Data Engineer', 'company': 'Extend', 'location': 'Remote'}, {'title': 'Curriculum Developer Aerospace Technician', 'company': 'Correlation One', 'location': 'Remote'}, {'title': 'Accounts Assistant', 'company': 'Prolific', 'location': 'Remote, UK'}]","[{'title': 'Australian North set to be England selector', 'source': 'bbc_sport'}, {'title': ""Villa's nearly men entering their defining moment"", 'source': 'bbc_sport'}, {'title': 'Rider dies in North West 200 Superbike incident', 'source': 'bbc_sport'}, {'title': ""'I'll collect the trash' - Dubois on Wardley's bin-man jibe"", 'source': 'bbc_sport'}, {'title': 'Chelsea favourites to sign Shaw as Man City exit nears', 'source': 'bbc_sport'}]",🌧️ Heavy rainfall risk | 🚨 Security concerns detected | 💼 Job market activity detected | ⚽ High sports engagement,25,high_pressure,40
2026-05-07T18:26:34.088350,hourly,Lagos,Nigeria,,61,{},"[{'source': 'punch', 'title': 'Senate passes N2.285tn FCT budget, earmarks 76% for capital projects'}, {'source': 'punch', 'title': 'Northern Christian leaders tackle Wike over Jabi Lake remarks'}, {'source': 'punch', 'title': 'One killed as gunmen attack police team in Plateau'}, {'source': 'vanguard', 'title': 'Accord Chair, Imumolen, fires back at rival faction, insists Otti endorsement was free'}, {'source': 'vanguard', 'title': 'APC govs back consensus primary for Tinubu'}, {'source': 'vanguard', 'title': 'Dangote Refinery denies ex-depot price increase'}]","[{'title': 'Business Analyst Pleno', 'company': 'Stone', 'location': 'Remoto'}, {'title': 'Online Hotel Reservations Specialist Customer Support', 'company': 'Careers In Travel | Destination Planners', 'location': 'New York'}, {'title': 'Principal Data Engineer', 'company': 'Extend', 'location': 'Remote'}, {'title': 'Curriculum Developer Aerospace Technician', 'company': 'Correlation One', 'location': 'Remote'}, {'title': 'Accounts Assistant', 'company': 'Prolific', 'location': 'Remote, UK'}]","[{'title': 'Australian North set to be England selector', 'source': 'bbc_sport'}, {'title': 'Rider dies in North West 200 Superbike incident', 'source': 'bbc_sport'}, {'title': ""'I'll collect the trash' - Dubois on Wardley's bin-man jibe"", 'source': 'bbc_sport'}, {'title': 'Chelsea favourites to sign Shaw as Man City exit nears', 'source': 'bbc_sport'}, {'title': ""Replacement rule 'daft' & 'nonsensical' - Anderson"", 'source': 'bbc_sport'}]",🌧️ Heavy rainfall risk | 💼 Job market activity detected | ⚽ High sports engagement,15,moderate_pressure,40
